review_no,sentiment,score,author,date,contents,pos_words,neg_words,pos_count,neg_count,like_count,product_name
137848830,긍정,2,전**,2026-09-15,"매년 명절을 앞두고 구입하는 모듬전으로 구성 좋고, 맛이 좋습니다. 부침전을 좋아해 평소에도 즐겨 먹으려고 이 시기만을 기다려 넉넉히 구입하여 냉동실에 쟁여 놓고 있습니다.","넉넉, 좋아",,2,0,0,[부침명장] 명품 모둠전 759g (고기완자+오미산적+동태전+깻잎전)
137804259,긍정,1,김**,2026-09-14,급할때 반찬이나 안주로 괜찮아요,괜찮,,1,0,0,[부침명장] 명품 모둠전 759g (고기완자+오미산적+동태전+깻잎전)
133184180,긍정,3,김**,2026-05-02,제수용으로 구입했습니다. 필요한 만큼만 구입할 수 있어서 좋았어요. 맛도 꽤 좋아서 재구매 의향 있습니다.,"재구매, 좋아, 좋았",,3,0,0,[부침명장] 명품 모둠전 759g (고기완자+오미산적+동태전+깻잎전)
132961385,긍정,2,조**,2026-04-24,맛있고 편했어요 추천합니다,"맛있, 추천",,2,0,0,[부침명장] 명품 모둠전 759g (고기완자+오미산적+동태전+깻잎전)
132618101,긍정,2,김**,2026-04-12,"네가지 전이 들어있어 골고루 맛볼수 있어서 좋았어요 
다른 냉동식품과 달리 감칠맛이 있어요
다음엔 다른 전도 먹어 보고 싶네요","감칠맛, 좋았",,2,0,1,[부침명장] 명품 모둠전 759g (고기완자+오미산적+동태전+깻잎전)
132467275,긍정,1,김**,2026-04-08,제사때 급하게주문 좋아요,좋아,,1,0,0,[부침명장] 명품 모둠전 759g (고기완자+오미산적+동태전+깻잎전)
131994551,부정,-1,B*,2026-03-22,"생선은 냄새 남,,",,냄새,0,1,0,[부침명장] 명품 모둠전 759g (고기완자+오미산적+동태전+깻잎전)
131965491,긍정,1,이**,2026-03-21,다양하고 맛있어요 특히 깻잎전이 맛있어요,맛있,,1,0,0,[부침명장] 명품 모둠전 759g (고기완자+오미산적+동태전+깻잎전)
131859895,긍정,2,나**,2026-03-17,모듬전 편하게 맛있게 잘 먹었습니다.,"맛있, 편하",,2,0,0,[부침명장] 명품 모둠전 759g (고기완자+오미산적+동태전+깻잎전)
131855370,긍정,2,송**,2026-03-16,편하게 먹기 좋아요 맛도 있구요~,"좋아, 편하",,2,0,0,[부침명장] 명품 모둠전 759g (고기완자+오미산적+동태전+깻잎전)
131845895,긍정,1,한**,2026-03-16,이번 설에도 시켜봤어요.맛있게 잘먹었습니다.,맛있,,1,0,0,[부침명장] 명품 모둠전 759g (고기완자+오미산적+동태전+깻잎전)
131755947,긍정,1,조**,2026-03-13,컬리는 항상 믿고 주문해요 너무 편해요ㅎ,편해,,1,0,0,[부침명장] 명품 모둠전 759g (고기완자+오미산적+동태전+깻잎전)
131741461,긍정,1,김**,2026-03-12,가끔 전이 먹고 싶은데 요렇게 모듬전으로 사니 너무 편하네요^^,편하,,1,0,0,[부침명장] 명품 모둠전 759g (고기완자+오미산적+동태전+깻잎전)
131740504,긍정,1,김*,2026-03-12,모둠전이라 골고루 맛볼수 있어 좋아요,좋아,,1,0,0,[부침명장] 명품 모둠전 759g (고기완자+오미산적+동태전+깻잎전)
131737456,긍정,1,최**,2026-03-12,인기있는 전들만 모아 놓은 거라 가성비 좋고 맛있어요.,맛있,,1,0,0,[부침명장] 명품 모둠전 759g (고기완자+오미산적+동태전+깻잎전)
131735793,긍정,2,강**,2026-03-12,아주 맛있어요. 간도 좋아요.,"맛있, 좋아",,2,0,0,[부침명장] 명품 모둠전 759g (고기완자+오미산적+동태전+깻잎전)
131735458,긍정,1,강**,2026-03-12,설 연휴때 맛있게 잘 먹었어요,맛있,,1,0,0,[부침명장] 명품 모둠전 759g (고기완자+오미산적+동태전+깻잎전)
131731823,긍정,2,손**,2026-03-12,너무 만족해요 ㅠ 정말 맛있게 먹었어요,"만족, 맛있",,2,0,0,[부침명장] 명품 모둠전 759g (고기완자+오미산적+동태전+깻잎전)
131713049,긍정,1,나**,2026-03-11,양도 적당하고 좋아요,좋아,,1,0,0,[부침명장] 명품 모둠전 759g (고기완자+오미산적+동태전+깻잎전)
131710583,긍정,1,유**,2026-03-11,종류가 다양해서 좋아요,좋아,,1,0,0,[부침명장] 명품 모둠전 759g (고기완자+오미산적+동태전+깻잎전)
131656682,긍정,1,최**,2026-03-09,양도 많고 맛있어요,맛있,,1,0,0,[부침명장] 명품 모둠전 759g (고기완자+오미산적+동태전+깻잎전)
131656662,긍정,2,이**,2026-03-09,"별기대 안하고 주문했는데 맛있어여
구성도 너무 좋아서 명절아니여도 자주 시켜 먹을듯 합니다","맛있, 좋아",,2,0,0,[부침명장] 명품 모둠전 759g (고기완자+오미산적+동태전+깻잎전)
131640939,중립,0,최**,2026-03-09,"설 음식이 먹고싶어서 시킨
설을 올해부터 안 지내도
음식은 당긴네요",,,0,0,0,[부침명장] 명품 모둠전 759g (고기완자+오미산적+동태전+깻잎전)
131621384,긍정,1,이**,2026-03-08,전 좋아해서 구매해 봣네요,좋아,,1,0,0,[부침명장] 명품 모둠전 759g (고기완자+오미산적+동태전+깻잎전)
131602678,중립,0,엄**,2026-03-07,깻잎전이 제일 짰지만 그래도 아주 칭찬하는 전,,,0,0,0,[부침명장] 명품 모둠전 759g (고기완자+오미산적+동태전+깻잎전)
131579784,긍정,1,김**,2026-03-07,부침명장 전은 다 맛있어요.,맛있,,1,0,0,[부침명장] 명품 모둠전 759g (고기완자+오미산적+동태전+깻잎전)
131551483,긍정,1,송**,2026-03-06,명절 분위기 내려고 구매했습니다. 4가지 전 모두 맛있게 잘 먹었습니다.,맛있,,1,0,0,[부침명장] 명품 모둠전 759g (고기완자+오미산적+동태전+깻잎전)
131545730,긍정,3,정**,2026-03-05,너무 실하고 맛있었어요. 명절에 모인 식구들도 맛있게 잘 드셨고 뭐 칭찬하는 법이 잘 없는 신랑이 이거 얼마냐고 엄청 깔끔하고 푸짐하다고 물어봤어요 ㅋ 이변이 없는 한 매 명절마다 이용할 예정..,"깔끔, 맛있, 푸짐",,3,0,0,[부침명장] 명품 모둠전 759g (고기완자+오미산적+동태전+깻잎전)
131534645,긍정,2,박**,2026-03-05,간단히 전 먹고 싶을때 좋아요.맛있어요.,"맛있, 좋아",,2,0,0,[부침명장] 명품 모둠전 759g (고기완자+오미산적+동태전+깻잎전)
131533274,긍정,1,홍**,2026-03-05,"도시락. 반찬으로 싸서 다녀요.
맛있어요.",맛있,,1,0,0,[부침명장] 명품 모둠전 759g (고기완자+오미산적+동태전+깻잎전)
131532497,긍정,2,신**,2026-03-05,아이들이 크니까 몸관리 한다고 기름있는 음식을 먹지 않더라구요 그래서간단하게 한접시 분량으로 모듬 부침개 샀는데 종류도 많고 양도 적당해서 상차리기에 좋았어요 맛은 말할 필요없이 굿굿!!!,"굿, 좋았",,2,0,0,[부침명장] 명품 모둠전 759g (고기완자+오미산적+동태전+깻잎전)
131523716,중립,0,정**,2026-03-05,그냥 그저 그런 듯!,,,0,0,0,[부침명장] 명품 모둠전 759g (고기완자+오미산적+동태전+깻잎전)
131510244,중립,0,장**,2026-03-04,이번 명절 잘 넘어갔습니다 !!,,,0,0,0,[부침명장] 명품 모둠전 759g (고기완자+오미산적+동태전+깻잎전)
131496056,긍정,1,백**,2026-03-04,종류별로 너무맛있네요 깻잎전이랑 산적이 제일 인기있네요,맛있,,1,0,0,[부침명장] 명품 모둠전 759g (고기완자+오미산적+동태전+깻잎전)
131468363,긍정,1,박**,2026-03-02,생각보다 맛도 괜찮았어요 명절에 간단히 데워서 잘 먹었어요,괜찮,,1,0,0,[부침명장] 명품 모둠전 759g (고기완자+오미산적+동태전+깻잎전)
131461873,긍정,1,권**,2026-03-02,"전하면 생각나는 제품이라 주문해서
맛있게 잘 먹었습니다",맛있,,1,0,0,[부침명장] 명품 모둠전 759g (고기완자+오미산적+동태전+깻잎전)
131453282,중립,0,류**,2026-03-02,세일해서 여러봉지 구입했어요,,,0,0,0,[부침명장] 명품 모둠전 759g (고기완자+오미산적+동태전+깻잎전)
131402077,부정,-1,김**,2026-02-28,양은 적지만 부침전이 골고루 종류별로 들어있어서 여러가지 종류별로 먹었어요,,양은 적,0,1,0,[부침명장] 명품 모둠전 759g (고기완자+오미산적+동태전+깻잎전)
131390091,긍정,1,최**,2026-02-28,집에서 늘 만들어 먹었는데~맛이 넘 좋아요,좋아,,1,0,0,[부침명장] 명품 모둠전 759g (고기완자+오미산적+동태전+깻잎전)
131380025,긍정,3,김**,2026-02-27,명절에 간편하게 먹었어요. 재구매 의사있어요,"간편, 재구매, 편하",,3,0,0,[부침명장] 명품 모둠전 759g (고기완자+오미산적+동태전+깻잎전)
131372401,중립,0,홍**,2026-02-27,작년 추석때도 용이하게 사용했던 제품이라 올 설에도 구매했어요.,,,0,0,0,[부침명장] 명품 모둠전 759g (고기완자+오미산적+동태전+깻잎전)
131332610,긍정,1,오**,2026-02-25,전이 모양도 이쁘고 맛도 좋아요. 산소에 가져가기 딱 좋습니다. 가격만 오르지 않는다면 자주 사고 싶어요,좋아,,1,0,0,[부침명장] 명품 모둠전 759g (고기완자+오미산적+동태전+깻잎전)
131324955,긍정,1,박**,2026-02-25,포장도 모양도 예쁜데 고기맛이 덜해서 재구매는 고민해 봐야겠어요.,재구매,,1,0,0,[부침명장] 명품 모둠전 759g (고기완자+오미산적+동태전+깻잎전)
131302865,긍정,2,황***,2026-02-24,차례가는 김에 세일하길래 샀는데 아주 만족합니다. 부침명장은 다 맛있네요.,"만족, 맛있",,2,0,0,[부침명장] 명품 모둠전 759g (고기완자+오미산적+동태전+깻잎전)
131299317,긍정,1,김**,2026-02-24,깻잎전과 생선전은 괜찮은데 나머지는 조미료 맛이 많이 나서 아쉬움,괜찮,,1,0,0,[부침명장] 명품 모둠전 759g (고기완자+오미산적+동태전+깻잎전)
131299237,긍정,2,서**,2026-02-24,"장보기 기본템, 한식의 에센셜~ 설날 간편하게 잘보냄 한끼 뚝딱!  맛남!","간편, 편하",,2,0,0,[부침명장] 명품 모둠전 759g (고기완자+오미산적+동태전+깻잎전)
131297445,부정,-1,여**,2026-02-24,생각보다  맛은 별로지만 직접하지않으니 이정도 모양에 감탄할뿐입니다.,,별로,0,1,0,[부침명장] 명품 모둠전 759g (고기완자+오미산적+동태전+깻잎전)
131284251,긍정,1,최**,2026-02-23,구색도 적당히 갖추고 한끼 상에 올리기엔 괜찮았어요.. 맛은 그냥 그래요..,괜찮,,1,0,0,[부침명장] 명품 모둠전 759g (고기완자+오미산적+동태전+깻잎전)
131281309,긍정,1,김**,2026-02-23,컬리 덕분에 유명 셰프의 요리도 먹어보네요!! 사고싶었던 반찬통이나 그릇도 컬리에 있어서 편하게 구매할 수 있어요 ㅎㅎ 컬리 넘 좋습니다🪽,편하,,1,0,0,[부침명장] 명품 모둠전 759g (고기완자+오미산적+동태전+깻잎전)
131270271,긍정,2,우**,2026-02-23,"명절에 번거롭고 손많이 가는 간편한 전, 맛있어요.","간편, 맛있",,2,0,0,[부침명장] 명품 모둠전 759g (고기완자+오미산적+동태전+깻잎전)
131261736,중립,0,김**,2026-02-23,명절엔 꼭 전이 먹고 싶으니까 라방 하길래 얼른 겟!!!,,,0,0,0,[부침명장] 명품 모둠전 759g (고기완자+오미산적+동태전+깻잎전)
131259076,긍정,4,권**,2026-02-22,"이번 설에 시부모님 모시고 식사했는데, 간편하게 전을 준비할수 있어서 좋았고, 각각의 전들이 맛까지 있어서 더 좋았어요^^

저는 동그랑땡 한봉 더 추가해서 준비했더니, 네식구 먹기 넉넉한 양이었어요~","간편, 넉넉, 좋았, 편하",,4,0,0,[부침명장] 명품 모둠전 759g (고기완자+오미산적+동태전+깻잎전)
131258818,긍정,1,김**,2026-02-22,전은 좋아하지만 동태전은 안좋아하는데 부침명장 모둠전 사고싶어서 구매했어요. 근데 너무 맛있어서 동태전 안먹는 사람도 맛있게 먹게 하네요.,"맛있, 좋아",안좋,2,1,0,[부침명장] 명품 모둠전 759g (고기완자+오미산적+동태전+깻잎전)
131253443,중립,0,윤**,2026-02-22,"부침명장 다른 제품 먹어보고 구입했는데 맛은 별로였어요.
계란물에 밀가루를 많이 풀었는지 후라이팬에 구웠는데도
단단하고 부드러운맛은 없네요.",부드러,별로,1,1,0,[부침명장] 명품 모둠전 759g (고기완자+오미산적+동태전+깻잎전)
131251939,중립,0,문**,2026-02-22,간만에 명절보내게되어 아쉬울까봐 준비한전 동태전엔 가시가있네요,,,0,0,0,[부침명장] 명품 모둠전 759g (고기완자+오미산적+동태전+깻잎전)
131251893,긍정,1,황**,2026-02-22,명절이라 할인하니까 너무 좋아요,좋아,,1,0,0,[부침명장] 명품 모둠전 759g (고기완자+오미산적+동태전+깻잎전)
131243777,중립,0,이**,2026-02-22,구성이 좋고 에프에 구우면 갓 구운거 같은 맛이 있어서 좋습니다 평소 가격이면 좀 부담스럽긴한데 라이브 방송으로 구입했더니 득템했네요,,,0,0,0,[부침명장] 명품 모둠전 759g (고기완자+오미산적+동태전+깻잎전)
131235260,긍정,3,황**,2026-02-22,딱 한접시 나오네요 넘 간편하고 좋아요 또 살려고 들어가 보니 품절이네요,"간편, 좋아, 편하",,3,0,0,[부침명장] 명품 모둠전 759g (고기완자+오미산적+동태전+깻잎전)
131230618,긍정,1,윤**,2026-02-21,"명품 모둠전 한끼 상차림하기 좋아요
두봉지 하면 3번정도 3~4인 상차림 할만해요",좋아,,1,0,0,[부침명장] 명품 모둠전 759g (고기완자+오미산적+동태전+깻잎전)
131225707,중립,0,이**,2026-02-21,설에 먹으려고 구매했는데 잘 먹었어요,,,0,0,0,[부침명장] 명품 모둠전 759g (고기완자+오미산적+동태전+깻잎전)
131224411,긍정,2,안**,2026-02-21,사진속 양은 1/2양이예요~ 전을 좋아하지않아 명절에 양가에서 전을 하지 않아요~ 그래서 안먹는데 또 안먹으니 가끔 생각나요~ 무슨 심보인지^^ 그래서 이번에 사옹원 모듬전을 구입했는데 역시역시 전 하나하나 너무 맛나요~ 양이 전 종류별로 넉넉해 반씩만 덜어 3인가족 한끼 맛있게 먹었네요^^ 간도 좋아서 따로 양념장 없어도 됩니다~ 사옹원 전은 뭐하나 맛없는게 없어 믿고 구매해요^^,"넉넉, 맛나, 맛있, 좋아","맛없, 좋아(부정맥락)",4,2,0,[부침명장] 명품 모둠전 759g (고기완자+오미산적+동태전+깻잎전)
131221662,긍정,1,이**,2026-02-21,조금씩 여러가지 맛볼 수 있어서 좋네요,좋네,,1,0,0,[부침명장] 명품 모둠전 759g (고기완자+오미산적+동태전+깻잎전)
131215628,중립,0,박**,2026-02-21,잘 먹고 있습니다 감사합니다.,,,0,0,0,[부침명장] 명품 모둠전 759g (고기완자+오미산적+동태전+깻잎전)
131215246,긍정,3,장**,2026-02-21,간편하게 요리하기도 좋고 간도 잘 맞고 맛있네요..,"간편, 맛있, 편하",,3,0,0,[부침명장] 명품 모둠전 759g (고기완자+오미산적+동태전+깻잎전)
131211185,중립,0,이**,2026-02-21,만든것만큼은 아니지만 먹을만함 동태전에 가시가 있음 그건 좀…,,,0,0,0,[부침명장] 명품 모둠전 759g (고기완자+오미산적+동태전+깻잎전)
131210974,긍정,2,이**,2026-02-21,매우 실속있고 만족해요,"만족, 실속",,2,0,0,[부침명장] 명품 모둠전 759g (고기완자+오미산적+동태전+깻잎전)
131209245,긍정,1,김**,2026-02-21,"색깔도 곱게 여러가지로 맛볼 수 있어서 좋아요
명절에 이젠 전 안하고 이거 사먹으려고요",좋아,,1,0,0,[부침명장] 명품 모둠전 759g (고기완자+오미산적+동태전+깻잎전)
131194591,중립,0,은**,2026-02-20,"설에 잘 해먹었어요
다음에도 사려구요",,,0,0,0,[부침명장] 명품 모둠전 759g (고기완자+오미산적+동태전+깻잎전)
131181189,중립,0,백**,2026-02-20,명절에 잘 먹었어요~,,,0,0,0,[부침명장] 명품 모둠전 759g (고기완자+오미산적+동태전+깻잎전)
131178802,부정,-1,조**,2026-02-19,명절에 잘 먹었어요 삼색전이 3개라 아쉽네요,,아쉽,0,1,0,[부침명장] 명품 모둠전 759g (고기완자+오미산적+동태전+깻잎전)
131175586,긍정,2,정**,2026-02-19,"냉동전은 처음 구입해 봤는데 간단해서 좋아요. 동그랑땡, 꼬지전, 동태전, 깻잎전이 적당히 들어있어요. 맛도 괜찮아서 명절 기분 내기 좋아요.","괜찮, 좋아",,2,0,0,[부침명장] 명품 모둠전 759g (고기완자+오미산적+동태전+깻잎전)
131172481,긍정,2,유**,2026-02-19,매우 훌륭합니다 간도 좋았고 전이 매우 실했어요 강추합니디,"좋았, 훌륭",,2,0,0,[부침명장] 명품 모둠전 759g (고기완자+오미산적+동태전+깻잎전)
131171627,긍정,2,정**,2026-02-19,"이번 구정에 혼자 음식해야하는데 장보고, 음식하고.. 사실 엄두가 나질 않았어요. 컬리 라방을 보기 전 까진요..!! 그런데 왠일.. 너무 그럴싸하게 완성되서 편하고, 좋았어요 :) 그냥 지지기만 하면 됨 ㅎㅎ 깻잎전과 동그랑땡, 동태전.. 골고루 다 인기가 많았어서 뿌듯했구~ 가서 부치기만 한건 비밀로 했어요 ㅋㅋㅋ","좋았, 편하",,2,0,0,[부침명장] 명품 모둠전 759g (고기완자+오미산적+동태전+깻잎전)
131170223,긍정,3,오**,2026-02-19,"정말 편한 세상, 간편하게 명절을 지낼 수 있는 메뉴 입니다. 골고루 다양한 전이 있어서 좋아요. 갯수는 가족들 맛보기 적당해요.","간편, 좋아, 편하",,3,0,0,[부침명장] 명품 모둠전 759g (고기완자+오미산적+동태전+깻잎전)
131169381,긍정,2,박**,2026-02-19,설날에 유용하게 사용했어요 맛도 좋았구요,"유용, 좋았",,2,0,0,[부침명장] 명품 모둠전 759g (고기완자+오미산적+동태전+깻잎전)
131169377,중립,0,김**,2026-02-19,시어머니가 아프셔서 올 해부터 명절 안지내기로했지만 그래도 허전해서 명절음식하려고 조금 샀는데 4명이서 충분하게 먹었습니다,,,0,0,0,[부침명장] 명품 모둠전 759g (고기완자+오미산적+동태전+깻잎전)
131166818,긍정,3,이**,2026-02-19,지난 추석에 먹어보고 괜찮아서 이번 설에도 주문했어요. 포상도 깔끔하고 좋아요.,"괜찮, 깔끔, 좋아",,3,0,0,[부침명장] 명품 모둠전 759g (고기완자+오미산적+동태전+깻잎전)
131165743,중립,0,인**,2026-02-19,그런대로 명절에 잘 먹었어요 가시도한개 나옴...,,,0,0,0,[부침명장] 명품 모둠전 759g (고기완자+오미산적+동태전+깻잎전)
131164624,긍정,1,전**,2026-02-19,"갓성비 가용비 가심비 대비 완짱입니다 
마켓 컬리를 만난건 행운이에요
가즈아!~웰빙 라이프로;;^",짱,,1,0,0,[부침명장] 명품 모둠전 759g (고기완자+오미산적+동태전+깻잎전)
131164276,긍정,1,최**,2026-02-19,명절에 가족들이 맛있게 먹었어요,맛있,,1,0,0,[부침명장] 명품 모둠전 759g (고기완자+오미산적+동태전+깻잎전)
131160750,긍정,2,양**,2026-02-19,후기가 좋아 구매해 봅니다. 맛있었으면 좋겠어요.,"맛있, 좋아",,2,0,0,[부침명장] 명품 모둠전 759g (고기완자+오미산적+동태전+깻잎전)
131157784,긍정,4,전**,2026-02-19,명절에만 구매 가능한 상품이기에 이번 설연휴 앞두고 또 재구매 했습니다. 부침전을 너무나 좋아해서 간편하게 익혀 먹을 수 있고 맛좋은 부침명장 모듬전 상품을 쟁여해 둡니다.,"간편, 재구매, 좋아, 편하",,4,0,0,[부침명장] 명품 모둠전 759g (고기완자+오미산적+동태전+깻잎전)
131156686,중립,0,박**,2026-02-18,냉동 전 사본 것 중 제일 맘에 들었어요.,,,0,0,0,[부침명장] 명품 모둠전 759g (고기완자+오미산적+동태전+깻잎전)
131151194,긍정,1,윤**,2026-02-18,제사 지내려고 샀는데 너무 만족이요,만족,,1,0,0,[부침명장] 명품 모둠전 759g (고기완자+오미산적+동태전+깻잎전)
131151017,긍정,1,오**,2026-02-18,"전 맛있고 괜찮았어요.
집에 기름냄새 풍기면서 전부치기 싫음","괜찮, 맛있",냄새,2,1,0,[부침명장] 명품 모둠전 759g (고기완자+오미산적+동태전+깻잎전)
131150686,긍정,1,박**,2026-02-18,많이 들지 않아 좋고 맛있어요,맛있,,1,0,0,[부침명장] 명품 모둠전 759g (고기완자+오미산적+동태전+깻잎전)
131149251,긍정,1,이**,2026-02-18,맛있게 잘먹었어요!,맛있,,1,0,0,[부침명장] 명품 모둠전 759g (고기완자+오미산적+동태전+깻잎전)
131148757,부정,-1,유**,2026-02-18,너무 짜요~ 왜 그럴까요^^,,너무 짜,0,1,1,[부침명장] 명품 모둠전 759g (고기완자+오미산적+동태전+깻잎전)
131143946,긍정,2,고**,2026-02-18,구성도 알차고 라이브방송으로 저렴하게 구입해서 좋아요,"알차, 좋아",,2,0,0,[부침명장] 명품 모둠전 759g (고기완자+오미산적+동태전+깻잎전)
131143820,긍정,1,김**,2026-02-18,"명절에  너무 맛있게 먹었어요
전도 다양하고 간도 적정하고
다음 명절에도 또 주문할께요",맛있,,1,0,0,[부침명장] 명품 모둠전 759g (고기완자+오미산적+동태전+깻잎전)
131140033,긍정,2,K****,2026-02-18,"냉동전 구매한것 중에 가장 성의있게 
잘만들어진 태가 나요 
손님 상에 올렸을때 예쁘고 먹음직 스럽다고 하셔서
뿌듯했어요 
다만 꼬치전은 모양 잡느라 뒷면이 많이 두꺼워서 
식감이 질겨요 

그외에 다른전들은 간도 적당하고 맛있었어요","맛있, 예쁘",,2,0,0,[부침명장] 명품 모둠전 759g (고기완자+오미산적+동태전+깻잎전)
131137683,긍정,1,유**,2026-02-17,명절에 먹기 좋네요 ^^,좋네,,1,0,0,[부침명장] 명품 모둠전 759g (고기완자+오미산적+동태전+깻잎전)
131134369,긍정,1,이**,2026-02-17,"명절 이거하나로 게임끝
전통시장 저리가라 맛있네요~",맛있,,1,0,0,[부침명장] 명품 모둠전 759g (고기완자+오미산적+동태전+깻잎전)
131133052,부정,-2,최**,2026-02-17,후기도 좋길래 구입했는데 이거 왜 이리 맛이 없음? 평소 사옹원제품 많이 사 먹었고 만족도 도 높았는데 이건 아니었음. 생선전이 그중 나았고 동그랑땡이 그다음. 깻잎고기전은 돼지고기 냄새 많이낫고 산적은 정말 맛 없었음. 산적에 김밥용 우엉은 왜 넣었을까? 명절용 전 은 반찬가게 브랜드에서 샀었어야 하는건데  후회됨,만족,"냄새, 맛 없, 후회",1,3,0,[부침명장] 명품 모둠전 759g (고기완자+오미산적+동태전+깻잎전)
131131824,중립,0,송**,2026-02-17,"예쁜 모양+맛 모두 합격!
아주 맛있게 먹었어요.
2인가구 기준 5년동안 혼자 만들다 처음 구매!
기대 1도 안하고 주문한건데 먹자마자
남편이랑 ’오..? 응?.. 맛있다!‘했어요.
기름 냄새 없고 정갈하게 계란 옷고 말끔히 입고 있어요.
손님상에 내놓아도 손색 없을것 같아요.
종종 주문해야 겠어요♥️",맛있,냄새,1,1,0,[부침명장] 명품 모둠전 759g (고기완자+오미산적+동태전+깻잎전)
131131816,긍정,1,김**,2026-02-17,전몇가지는 집에서 부치고 이모듬전과 함께 차리니 상이 푸짐해졌어요,푸짐,,1,0,0,[부침명장] 명품 모둠전 759g (고기완자+오미산적+동태전+깻잎전)
131130653,중립,0,손**,2026-02-17,떡만두국이랑 모듬전으로 설날 아침상 간단히 해결! 기름기 많지 않아 부담없이 즐길 수 있어요.,,,0,0,0,[부침명장] 명품 모둠전 759g (고기완자+오미산적+동태전+깻잎전)
131129393,중립,0,정**,2026-02-17,와~ 냉동 느낌 하나도 안 나고 맛있어요!! 에프 데웠더니 기름기 짝 빠지고 좋아요,좋아,맛있(부정맥락),1,1,0,[부침명장] 명품 모둠전 759g (고기완자+오미산적+동태전+깻잎전)
131127969,중립,0,이**,2026-02-17,모듬이 나오니 참 좋음 정말 떡 제사상에 필요란 양,,,0,0,0,[부침명장] 명품 모둠전 759g (고기완자+오미산적+동태전+깻잎전)
131127398,긍정,1,김**,2026-02-17,"처음 구매했는데 생각보다 맛있어서 놀랐어요.
살짝 짠데 전요리가 버텅 짭조롬하게 한게 맛있긴 하더라고요. 동그랑땡이 맛있어요!",맛있,,1,0,0,[부침명장] 명품 모둠전 759g (고기완자+오미산적+동태전+깻잎전)
131124504,긍정,1,강**,2026-02-17,이거 완전 실속구성이예요. 한 봉지로 설날 전 완전 해결이네요!,실속,,1,0,0,[부침명장] 명품 모둠전 759g (고기완자+오미산적+동태전+깻잎전)
131120202,긍정,2,이**,2026-02-16,4가지 전이 비교적 넉넉히 들어있어 4식구가 먹기에 충분할듯합니다. 집에서 만든 것 같이 두껍고 투박한 전들이 정겹습니다. 맛도  괜찮았습니다. 명절전 두팩을 사서 한팩을 막걸리 안주로 시식해 보았습니다!,"괜찮, 넉넉",,2,0,0,[부침명장] 명품 모둠전 759g (고기완자+오미산적+동태전+깻잎전)
131120015,긍정,4,지**,2026-02-16,"설에 먹으려고 부침명장 녹두전 구매하면서 라방 때 모듬전도 함께 구매했어요.

일단 구성이 다양하고 깔끔하고 예쁘게 부쳐져서 그 정성이 느껴졌어요.
깻잎전, 동그랑땡이 맛있었고, 
꼬지전은 꼬치 없이 계란 테두리가 고급스럽고 정갈한 느낌을 주었어요.

명절 때 가족들에게 맛보기로 크게 한 접시 내놓기 너무 좋았어요.","깔끔, 맛있, 예쁘, 좋았",,4,0,0,[부침명장] 명품 모둠전 759g (고기완자+오미산적+동태전+깻잎전)
131117111,긍정,2,이**,2026-02-16,깻잎전이랑 꼬지전도 있고 풍성하더라고요!!! 좋아요!!,"좋아, 풍성",,2,0,1,[부침명장] 명품 모둠전 759g (고기완자+오미산적+동태전+깻잎전)
131112359,중립,0,주**,2026-02-16,설때 전 대시 삿어요 맛잇엇름 좋게ㅛ가,,,0,0,0,[부침명장] 명품 모둠전 759g (고기완자+오미산적+동태전+깻잎전)
131110550,긍정,2,김**,2026-02-16,"작년 추석 라이브 할 때 구매했었는데 맛있었어요
재구매합니다
이번엔 좀 늦게 구매하러 왔더니 거진 다 품절 ㅠㅠ 다음 명절엔 일찍 구매해야겠어요","맛있, 재구매",,2,0,0,[부침명장] 명품 모둠전 759g (고기완자+오미산적+동태전+깻잎전)
131101278,긍정,1,이**,2026-02-15,명절에 먹으려고 샀어요. 모듬전이라 다양하게 먹을 수 있어 좋아요,좋아,,1,0,0,[부침명장] 명품 모둠전 759g (고기완자+오미산적+동태전+깻잎전)
131100516,긍정,1,k******,2026-02-15,구정때쓸려고주문.맛있을것같아요,맛있,,1,0,0,[부침명장] 명품 모둠전 759g (고기완자+오미산적+동태전+깻잎전)
131100479,긍정,1,이*,2026-02-15,그냥 먹을만해요 좋아요,좋아,,1,0,0,[부침명장] 명품 모둠전 759g (고기완자+오미산적+동태전+깻잎전)
131100382,긍정,1,김**,2026-02-15,전왜부쳐요 이게최고,최고,,1,0,0,[부침명장] 명품 모둠전 759g (고기완자+오미산적+동태전+깻잎전)
131100266,긍정,2,류**,2026-02-15,"덕분에 맛있게 잘먹었습니다 ^^
입맛 까다로운 아들도 맛있다네요
재구매 의사있습니다.","맛있, 재구매",,2,0,0,[부침명장] 명품 모둠전 759g (고기완자+오미산적+동태전+깻잎전)
131100042,긍정,1,배**,2026-02-15,간단히 먹기좋아요 잘먹겠습니다,좋아,,1,0,0,[부침명장] 명품 모둠전 759g (고기완자+오미산적+동태전+깻잎전)
131097295,긍정,1,양**,2026-02-15,명절에 한 끼 딱 챙겨먹기 좋아요,좋아,,1,0,0,[부침명장] 명품 모둠전 759g (고기완자+오미산적+동태전+깻잎전)
131097108,긍정,1,최**,2026-02-15,"설날대기 구매했습니다.
맛나길 바랍니다.
배달감사합니다.",맛나,,1,0,0,[부침명장] 명품 모둠전 759g (고기완자+오미산적+동태전+깻잎전)
131096227,중립,0,김**,2026-02-15,모둠전 설날 먹으려고 주문합니다,,,0,0,0,[부침명장] 명품 모둠전 759g (고기완자+오미산적+동태전+깻잎전)
131095905,중립,0,배**,2026-02-15,"모듬 명품전
 일부전이 짭니다",,,0,0,1,[부침명장] 명품 모둠전 759g (고기완자+오미산적+동태전+깻잎전)
131094507,중립,0,고**,2026-02-15,명절에 간단히 먹으려도 사뒀어요.맛은 냉동이 다 거기서 거기려니 합니다,,,0,0,0,[부침명장] 명품 모둠전 759g (고기완자+오미산적+동태전+깻잎전)
131094460,부정,-1,김**,2026-02-15,골고루 있어서 잘 먹었어요. 간들이 있어서 찍어먹지않아도 싱겁진 않습니다.,,싱겁,0,1,0,[부침명장] 명품 모둠전 759g (고기완자+오미산적+동태전+깻잎전)
131093397,긍정,1,임**,2026-02-15,냉동실 넣어두니 괜히 든든하네요,든든,,1,0,1,[부침명장] 명품 모둠전 759g (고기완자+오미산적+동태전+깻잎전)
131091089,중립,0,이**,2026-02-15,"정갈한  모양이  
넘  맘에  드네요",,,0,0,0,[부침명장] 명품 모둠전 759g (고기완자+오미산적+동태전+깻잎전)
131088093,중립,0,권**,2026-02-15,제품이 도착 안했어요,,,0,0,0,[부침명장] 명품 모둠전 759g (고기완자+오미산적+동태전+깻잎전)
131084902,중립,0,김**,2026-02-15,명절때 먹으려고 주문했는데 어떨지...,,,0,0,0,[부침명장] 명품 모둠전 759g (고기완자+오미산적+동태전+깻잎전)
131084107,중립,0,A**,2026-02-15,세일해 좋은 가격에 구매했어요,,,0,0,0,[부침명장] 명품 모둠전 759g (고기완자+오미산적+동태전+깻잎전)
131082568,중립,0,김**,2026-02-15,명절 기분내려고 사봤어요,,,0,0,1,[부침명장] 명품 모둠전 759g (고기완자+오미산적+동태전+깻잎전)
131078134,긍정,4,김**,2026-02-14,명절에 간편하게 먹을수 있어서 좋아요. 특히 오미산적이 맛있어요.,"간편, 맛있, 좋아, 편하",,4,0,0,[부침명장] 명품 모둠전 759g (고기완자+오미산적+동태전+깻잎전)
131076965,긍정,2,김**,2026-02-14,"1인 가구 명절분위기 내려고 주문했습니다. 양이 생각보다 많아서 세 번 나눠먹을 수 있습니다. 깻잎전 맛있고, 동그랑땡 간이 좀 짭잘하네요.
냉동이라 그런지 막 갓구운 빠삭촉촉까진 아니고요. 참고로 에프 이용했습니다.","맛있, 촉촉",,2,0,0,[부침명장] 명품 모둠전 759g (고기완자+오미산적+동태전+깻잎전)
131076787,긍정,2,홍**,2026-02-14,부침전 처음 주문해봅니다. 푸짐합니다. 맛있었으면 좋겠네요.,"맛있, 푸짐",,2,0,0,[부침명장] 명품 모둠전 759g (고기완자+오미산적+동태전+깻잎전)
131070285,중립,0,박**,2026-02-14,가족들 방문 시 상차림에 사용하려고요 :),,,0,0,0,[부침명장] 명품 모둠전 759g (고기완자+오미산적+동태전+깻잎전)
131066357,긍정,1,은**,2026-02-14,명절이라 다양한 전 종류를 먹을 수 있어서 좋네요.,좋네,,1,0,2,[부침명장] 명품 모둠전 759g (고기완자+오미산적+동태전+깻잎전)
131064240,긍정,1,정**,2026-02-14,이제품 맛이 괜찮아요 성묘갈때 쓰려고 해요,괜찮,,1,0,0,[부침명장] 명품 모둠전 759g (고기완자+오미산적+동태전+깻잎전)
131063039,긍정,1,이**,2026-02-14,산소차례상으로적당해요 만족합니다,만족,,1,0,0,[부침명장] 명품 모둠전 759g (고기완자+오미산적+동태전+깻잎전)
131061963,중립,0,박**,2026-02-14,설 느낌이라고 내보려고 주문 ㅋㅋ,,,0,0,0,[부침명장] 명품 모둠전 759g (고기완자+오미산적+동태전+깻잎전)
131060608,긍정,2,김**,2026-02-14,"양도 푸짐하고 전 종류도 여러가지인데다
행사로 좋은 가격에 또 구매해서 맛있게 먹었어요.","맛있, 푸짐",,2,0,0,[부침명장] 명품 모둠전 759g (고기완자+오미산적+동태전+깻잎전)
131060445,긍정,1,최**,2026-02-14,코팅팬이나 잘 달구어진 팬에 기름없이 굽거나 에프에 돌리면 먹을만 합니다. 가격대비 구성은 좋지만 재구매는? 세일가격에 명절앞두고 2봉 구매했는데 그 정도는 아닙니다.,재구매,,1,0,2,[부침명장] 명품 모둠전 759g (고기완자+오미산적+동태전+깻잎전)
131059062,중립,0,유**,2026-02-14,라이브특가로 득템했어요 !!,,,0,0,0,[부침명장] 명품 모둠전 759g (고기완자+오미산적+동태전+깻잎전)
131054113,중립,0,이**,2026-02-13,골고루 소량 들어서 3인이 잘 먹었어요.,,,0,0,1,[부침명장] 명품 모둠전 759g (고기완자+오미산적+동태전+깻잎전)
131048991,중립,0,임**,2026-02-13,모듬전 잘 받았습니다,,,0,0,1,[부침명장] 명품 모둠전 759g (고기완자+오미산적+동태전+깻잎전)
131040662,긍정,1,민**,2026-02-13,이거제발괜찮아야되는데아니면명절에개망신각근데일단꼬지개수넘적은,괜찮,,1,0,0,[부침명장] 명품 모둠전 759g (고기완자+오미산적+동태전+깻잎전)
131040408,중립,0,강**,2026-02-13,명절대비~세식구라이걸로딱~~~,,,0,0,0,[부침명장] 명품 모둠전 759g (고기완자+오미산적+동태전+깻잎전)
131037746,중립,0,김**,2026-02-13,명절에 쓸려고 샀어요,,,0,0,0,[부침명장] 명품 모둠전 759g (고기완자+오미산적+동태전+깻잎전)
131036597,긍정,1,김**,2026-02-13,양이 생각보다 많아서 푸짐할거같아요~,푸짐,,1,0,0,[부침명장] 명품 모둠전 759g (고기완자+오미산적+동태전+깻잎전)
131036333,긍정,1,이**,2026-02-13,"맛이 훌륭합니다! 이번 산적은 꼬치를 빼고 계란으로 틀을 만들어 흐트러짐 없이 모양새를 다졌습니다. 전유어는 잔가시가 거의 없으며 고기가 담백하고, 동그랑땡과 깻잎전은 다져진 고기의 잡내조차 없이 담백합니다. 부침류를 너무나 사랑해 자주 즐겨 먹는데 이번에도 냉동실에 쟁여해둬야겠습니다.","담백, 훌륭",잡내,2,1,4,[부침명장] 명품 모둠전 759g (고기완자+오미산적+동태전+깻잎전)
131034377,중립,0,J*,2026-02-13,안좋아하는 동태전이 껴있어서 고민좀했으나 누군가는 먹겟죠 ㅋ,좋아,안좋,1,1,0,[부침명장] 명품 모둠전 759g (고기완자+오미산적+동태전+깻잎전)
131028714,중립,0,안**,2026-02-12,설에 가족들과 먹어 보려구요,,,0,0,0,[부침명장] 명품 모둠전 759g (고기완자+오미산적+동태전+깻잎전)
131027294,중립,0,박**,2026-02-12,라이브할 때 잘 샀어요.,,,0,0,0,[부침명장] 명품 모둠전 759g (고기완자+오미산적+동태전+깻잎전)
131012669,긍정,1,김**,2026-02-12,"명절음식 땡겨서 잘 먹었습니다 
종류별로 먹으니 좋네요",좋네,,1,0,0,[부침명장] 명품 모둠전 759g (고기완자+오미산적+동태전+깻잎전)
131009045,긍정,1,최**,2026-02-12,저번에 구매해 보고 구성이 괜찮아 구매,괜찮,,1,0,0,[부침명장] 명품 모둠전 759g (고기완자+오미산적+동태전+깻잎전)
130999367,긍정,2,김**,2026-02-11,기대안했는데 집에서 구운것처럼 이쁘고 맛나요ㆍ다들사서 명절편하게 보내자요~~~,"맛나, 편하",,2,0,2,[부침명장] 명품 모둠전 759g (고기완자+오미산적+동태전+깻잎전)
130996256,긍정,1,김**,2026-02-11,"부침명장 모듬전은 처음 사보네요
밤에 급 사버렸는데 상태는 좋아보여요
부디 맛이 있길 바래요",좋아,,1,0,0,[부침명장] 명품 모둠전 759g (고기완자+오미산적+동태전+깻잎전)
130996072,긍정,1,강**,2026-02-11,"명절이 다가오는데.. 시어른들 다 돌아 가시고
제사때말곤 집에서 전부칠일이 사라져서..
일부러 먹자고 일벌리기는 싫고^^;
우리가족 명절 분위기만 좀 내 볼 생각으로
구입해 봤어요~ 20여년 홀며느리로 혼자 전부쳤으니
명절엔 사먹으렵니다ㅎㅎ
아이들이 부침명장 녹두빈대떡 좋아해서
녹두빈대떡만 사려다가 골고루 맛보고 싶어서
모둠전으로 샀어요~",좋아,,1,0,3,[부침명장] 명품 모둠전 759g (고기완자+오미산적+동태전+깻잎전)
130991615,긍정,4,이**,2026-02-11,라이브 세일할 때 샀는데 전 만드는데 손이 많이 가는데 간편하고 맛있어서 추천합니다.,"간편, 맛있, 추천, 편하",,4,0,0,[부침명장] 명품 모둠전 759g (고기완자+오미산적+동태전+깻잎전)
130989482,중립,0,김**,2026-02-11,설날때 한끼 먹으려고 구매해요,,,0,0,1,[부침명장] 명품 모둠전 759g (고기완자+오미산적+동태전+깻잎전)
130987520,긍정,2,박**,2026-02-11,작년 추석에 먹어봤는데 괜찮아서 재구매했어요,"괜찮, 재구매",,2,0,0,[부침명장] 명품 모둠전 759g (고기완자+오미산적+동태전+깻잎전)
130985656,중립,0,박**,2026-02-11,할인해서샀어요 명절때 쓸거에요,,,0,0,0,[부침명장] 명품 모둠전 759g (고기완자+오미산적+동태전+깻잎전)
130984899,긍정,1,문**,2026-02-11,모듬전 맛있어서 또 구매 합니다.!!!,맛있,,1,0,0,[부침명장] 명품 모둠전 759g (고기완자+오미산적+동태전+깻잎전)
130983618,긍정,1,박**,2026-02-11,명절에편하게한번먹게요,편하,,1,0,0,[부침명장] 명품 모둠전 759g (고기완자+오미산적+동태전+깻잎전)
130983338,긍정,1,유**,2026-02-11,후기가 너무좋아구매해요ᆢ점심메뉴입니다,좋아,,1,0,0,[부침명장] 명품 모둠전 759g (고기완자+오미산적+동태전+깻잎전)
130982755,긍정,1,김**,2026-02-11,모듬은 첨 사보는데 맛있길,맛있,,1,0,0,[부침명장] 명품 모둠전 759g (고기완자+오미산적+동태전+깻잎전)
130982398,중립,0,임**,2026-02-11,라이브 특가라길래 냉큼,,,0,0,0,[부침명장] 명품 모둠전 759g (고기완자+오미산적+동태전+깻잎전)
130981546,중립,0,민**,2026-02-11,"동태전을 그닥 좋아하지 않는데
몇 번 사 봐도 희한하게 동태전 맛이 기가 막힙니다
도대체 간을 어떻게 하신 건지, 아니면 생선에 무슨 마법을 부리신건지
동태전이 제일 맛있어요. 생선까스보다 더 맛있어요",맛있,좋아(부정맥락),1,1,1,[부침명장] 명품 모둠전 759g (고기완자+오미산적+동태전+깻잎전)
130977881,부정,-1,김**,2026-02-10,"잘받았어요 
세일하기전전날샀는데
아쉽습니다",,아쉽,0,1,0,[부침명장] 명품 모둠전 759g (고기완자+오미산적+동태전+깻잎전)
130973072,긍정,1,조**,2026-02-10,잘받았습니다 맛있게 잘먹을께요,맛있,,1,0,0,[부침명장] 명품 모둠전 759g (고기완자+오미산적+동태전+깻잎전)
130970476,중립,0,전**,2026-02-10,기본 먼저 사고 더 필요한거 따로 샀어요,,,0,0,0,[부침명장] 명품 모둠전 759g (고기완자+오미산적+동태전+깻잎전)
130970129,부정,-1,정**,2026-02-10,"라이브로 모듬 좋은가격에 구매.
생각보다 양이 적진 않은듯.
부침명장 부침은 거의 다 먹어봤는데,
동태던이 어떨지...궁금하네요.",,양이 적,0,1,0,[부침명장] 명품 모둠전 759g (고기완자+오미산적+동태전+깻잎전)
130968070,긍정,2,최**,2026-02-10,맛있어요.맛있어요.재구매합니다,"맛있, 재구매",,2,0,0,[부침명장] 명품 모둠전 759g (고기완자+오미산적+동태전+깻잎전)
130967950,중립,0,차**,2026-02-10,라이브 방송 보고 사봤어요,,,0,0,0,[부침명장] 명품 모둠전 759g (고기완자+오미산적+동태전+깻잎전)
130967770,긍정,1,김**,2026-02-10,라이브 특가로 저렴히 구매해서 좋아요~,좋아,,1,0,0,[부침명장] 명품 모둠전 759g (고기완자+오미산적+동태전+깻잎전)
130966583,중립,0,천**,2026-02-10,2인 가족에 딱 맞는 구성입니다,,,0,0,0,[부침명장] 명품 모둠전 759g (고기완자+오미산적+동태전+깻잎전)
130966302,긍정,2,이***,2026-02-10,"추석때 맛있게 먹고 다시 구매 
4개로 개별 포장되어 좋아요!","맛있, 좋아",,2,0,0,[부침명장] 명품 모둠전 759g (고기완자+오미산적+동태전+깻잎전)
130961862,중립,0,동**,2026-02-10,구정때 먹으려고 주문했어요~기대됩니다.ㅎ,,,0,0,0,[부침명장] 명품 모둠전 759g (고기완자+오미산적+동태전+깻잎전)
130960440,긍정,1,송**,2026-02-10,라이브보고 맛있으면 시댁에 사가려고 사봤는데 기대이상입니다. 구성도 좋고 다 집에서 한것 같은 맛이예요!,맛있,,1,0,0,[라이브특가][부침명장] 명품 모둠전 759g (고기완자+오미산적+동태전+깻잎전)
130959981,긍정,1,이**,2026-02-10,행사하길래 구매해봣어요 좋네요,좋네,,1,0,0,[라이브특가][부침명장] 명품 모둠전 759g (고기완자+오미산적+동태전+깻잎전)
130957661,긍정,2,문**,2026-02-10,모둠전 좋아요~재구매 합니다!!,"재구매, 좋아",,2,0,0,[라이브특가][부침명장] 명품 모둠전 759g (고기완자+오미산적+동태전+깻잎전)
130956446,중립,0,박**,2026-02-10,생각보다 소량입니다,,,0,0,0,[라이브특가][부침명장] 명품 모둠전 759g (고기완자+오미산적+동태전+깻잎전)
130955092,중립,0,송**,2026-02-10,라방덕에 저념히 구매했어요,,,0,0,0,[라이브특가][부침명장] 명품 모둠전 759g (고기완자+오미산적+동태전+깻잎전)
130954484,긍정,1,김**,2026-02-10,"미리 명절기분을 내보네요^^
구성은 괜찮은듯~!",괜찮,,1,0,0,[라이브특가][부침명장] 명품 모둠전 759g (고기완자+오미산적+동태전+깻잎전)
130919200,중립,0,이**,2026-02-08,"보기에 정갈해보여요
양도 적당합니다",,,0,0,0,[부침명장] 명품 모둠전 759g (고기완자+오미산적+동태전+깻잎전)
130914583,긍정,1,김**,2026-02-08,"모듬은 처음인데
명절 기분내기 괜찮을것 같아서
구매했어요",괜찮,,1,0,0,[부침명장] 명품 모둠전 759g (고기완자+오미산적+동태전+깻잎전)
130913663,중립,0,이**,2026-02-08,명절에 간단히 먹으려고 샀어요^^,,,0,0,0,[부침명장] 명품 모둠전 759g (고기완자+오미산적+동태전+깻잎전)
130893887,긍정,1,임**,2026-02-08,"구정 연휴엔 시댁과 여행가기로 해서, 그 전에 부모님께 먼저 인사드릴겸 제사 준비해요. 다른 건(밥, 국, 잡채)는 준비했는데 워킹맘이라 전까지는 도저히 무리여서 컬리에 부탁햇숨다😅 
후딱 시켜서 깻잎전, 동그랑땡, 동태전, 꼬지전이 냉동 소분되어 온 것에 감동. 가격은 저렴한 편은 아니지만, 그래도 각 재료 장보고, 손질하고, 준비해서 기름에 부치는 것까지 생각하면 무척 저렴하죠. 

소분된 한 종류가 자주쓰는 후라이팬에 딱 들어가서 좋더라구요. 지난번엔 반찬가게에서 종류별로 각각 담아 샀는데, 이게 편한듯 합니다. 계란 옷도 노릿~하게 잘 입혀져 있구요. 

다음에도 현생에 치이면, 부침명장에 의지할랍니더😁",감동,,1,0,1,[부침명장] 명품 모둠전 759g (고기완자+오미산적+동태전+깻잎전)
130893296,부정,-2,구**,2026-02-08,"하... 여기 이제 못시키겠네요. 
네번정도 시켰습니다만 
가격은 추석때 비해 6천원 올랐고 
(세일해서 4천원 인상 체감) .. 
뭐 맛있고 깨끗하니
그래도 사자 싶었는데 
오늘 성묘용으로 쓰고 보니.. 

똑같이 기름 살짝 두르고 데웠는데 
이번엔 갈색 기름과 
쩐내가 장난 아닙니다. 
(안좋은 기름으로 초벌을 하면 이렇죠) 

두개 시켜 하나는 명절용 
하나는 성묘용인데 
냉동실 자리때문에 
겉포장 뜯어서 
하나 반품되면 하고 싶네요

사진첨부합니다
안타게 살짝 기름 두르고
살짝 데워서 탄것도 아니고
배어 나온겁니다.
갈색 기름 색깔만큼
냄새도 쩐내가 엄청나네요
초심 유지하시지
대목이라고 물량때문에 이러신건지
너무 실망입니다",맛있,"냄새, 실망, 안좋",1,3,6,[부침명장] 명품 모둠전 759g (고기완자+오미산적+동태전+깻잎전)
130862187,중립,0,김**,2026-02-07,"설때쓰려구요
잘받았어요",,,0,0,0,[부침명장] 명품 모둠전 759g (고기완자+오미산적+동태전+깻잎전)
130833408,긍정,3,전**,2026-02-06,"재입고 되기만을 간절히 기다렸습니다. 손이 많이 가는 메뉴들로 간편하게 먹기에 구성되어 있어 좋고, 무엇보다 전이 모두 너무 맛있습니다! 냉동 제품으로 쟁여해 보관하기 좋고, 바로 조리해서 먹기 간편합니다.","간편, 맛있, 편하",,3,0,0,[부침명장] 명품 모둠전 759g (고기완자+오미산적+동태전+깻잎전)
130812335,중립,0,박**,2026-02-05,"급하게시키면 품절될때가 많아 미리 사뒀어요.
설날용입니다. ㅋㅋㅋ",,,0,0,0,[부침명장] 명품 모둠전 759g (고기완자+오미산적+동태전+깻잎전)
130779297,중립,0,공**,2026-02-04,4가지 전으로 올해도 구매,,,0,0,0,[부침명장] 명품 모둠전 759g (고기완자+오미산적+동태전+깻잎전)
129199457,긍정,1,김**,2025-12-09,여기꺼 한번씩 먹었는데 맛있더라구요.,맛있,,1,0,0,[부침명장] 명품 모둠전666g (고기완자+꼬치산적+동태전+깻잎전)
129067725,부정,-1,박**,2025-12-05,구색은 맞는데 맛은 별로ㅠ 다음엔 다른거 사보려구요,,별로,0,1,1,[부침명장] 명품 모둠전666g (고기완자+꼬치산적+동태전+깻잎전)
129000781,긍정,1,남**,2025-12-03,"다양한 종류가 조금씩 들어있어서 좋네요.
잡내없이 맛도 다 괜찮았어요.","괜찮, 좋네",잡내,2,1,0,[부침명장] 명품 모둠전666g (고기완자+꼬치산적+동태전+깻잎전)
128889513,긍정,1,김**,2025-11-29,잘받았어요 추천합니다,추천,,1,0,0,[부침명장] 명품 모둠전666g (고기완자+꼬치산적+동태전+깻잎전)
128627353,긍정,1,이**,2025-11-19,맛있게 잘 먹을게요~~~~~~~#,맛있,,1,0,0,[부침명장] 명품 모둠전666g (고기완자+꼬치산적+동태전+깻잎전)
128600616,긍정,3,정**,2025-11-18,간편하게 다시 굽기만 하면 되서 편해요,"간편, 편하, 편해",,3,0,0,[부침명장] 명품 모둠전666g (고기완자+꼬치산적+동태전+깻잎전)
128597211,긍정,1,최**,2025-11-17,맛있고 양도 많아요,맛있,,1,0,0,[부침명장] 명품 모둠전666g (고기완자+꼬치산적+동태전+깻잎전)
128515133,긍정,1,정**,2025-11-14,맛있게 잘 먹었습니다,맛있,,1,0,0,[부침명장] 명품 모둠전666g (고기완자+꼬치산적+동태전+깻잎전)
128467284,긍정,1,우**,2025-11-12,제사때 썼어요 딱 한상 차리기 좋네요 맛도 좋구요,좋네,,1,0,0,[부침명장] 명품 모둠전666g (고기완자+꼬치산적+동태전+깻잎전)
128461634,긍정,1,심**,2025-11-12,양 많고 좀 짜긴하지만 맛있어요,맛있,,1,0,1,[부침명장] 명품 모둠전666g (고기완자+꼬치산적+동태전+깻잎전)
128400149,부정,-1,이**,2025-11-10,"양이 장난아님. 생선전은 가시가 많아 비추에요.
한번에 다 풀었다간 배불러 터집니다. 2번에 걸쳐 먹는게 좋을듯.",,비추,0,1,2,[부침명장] 명품 모둠전666g (고기완자+꼬치산적+동태전+깻잎전)
128331389,긍정,1,김**,2025-11-07,신선하고 안전하게 잘 받았습니다 ㅎ ㅎㅎ,신선,,1,0,1,[부침명장] 명품 모둠전666g (고기완자+꼬치산적+동태전+깻잎전)
128286200,긍정,1,최**,2025-11-06,가격대비 종류도 많고 퀄리티도 괜찮았어요,괜찮,,1,0,0,[부침명장] 명품 모둠전666g (고기완자+꼬치산적+동태전+깻잎전)
128240183,긍정,3,최**,2025-11-04,모듬전 간편하고 맛있었습니다,"간편, 맛있, 편하",,3,0,0,[부침명장] 명품 모둠전666g (고기완자+꼬치산적+동태전+깻잎전)
128088047,중립,0,최**,2025-10-30,명절이면 찾는 전..다음에도,,,0,0,0,[부침명장] 명품 모둠전666g (고기완자+꼬치산적+동태전+깻잎전)
128074197,긍정,1,전**,2025-10-29,부침전 구성이 좋고 맛이 좋아 냉동실에 쟁여해두고 즐겨 먹고 있습니다.,좋아,,1,0,0,[부침명장] 명품 모둠전666g (고기완자+꼬치산적+동태전+깻잎전)
128071730,긍정,1,정**,2025-10-29,부침명장 명품 모듬전 맛있어요,맛있,,1,0,0,[부침명장] 명품 모둠전666g (고기완자+꼬치산적+동태전+깻잎전)
128062032,긍정,2,김**,2025-10-29,"여러가지 전들이 있어서 푸짐하게 먹을수 있어서
좋았습니다.","좋았, 푸짐",,2,0,0,[부침명장] 명품 모둠전666g (고기완자+꼬치산적+동태전+깻잎전)
128033200,긍정,1,송**,2025-10-27,여러가지가 함께있어 좋아요,좋아,,1,0,0,[부침명장] 명품 모둠전666g (고기완자+꼬치산적+동태전+깻잎전)
128009514,중립,0,박**,2025-10-27,쏘쏘.. 귀찮아서,,,0,0,0,[부침명장] 명품 모둠전666g (고기완자+꼬치산적+동태전+깻잎전)
128005904,긍정,3,서**,2025-10-26,간편하고 맛있고 잘 먹었네요,"간편, 맛있, 편하",,3,0,0,[부침명장] 명품 모둠전666g (고기완자+꼬치산적+동태전+깻잎전)
127994419,긍정,6,한**,2025-10-26,"컬리에서 구매하고 칭찬받았어요ㅎㅎ
                                                             
이 가격에 이 구성이라니 진짜 대박이에요.
반찬가게에서 소량씩 담아둔 전세트 3-4만원인거 보고
충격받았는데, 컬리에서 이렇게 저렴하고 다양하게
전을 맛 볼 수 있다니 최고입니다.
                                                                
너무 예쁘게 종류별로 소분되어져 있어서 
프라이팬에 기름두르고 다시 한 번 굽기만 하면 되요.
너무 맛있고, 양도 생각보다  많습니다.

전 준비하려면 손이 많이 가는데, 착한 가격에 너무 잘 먹었습니다 👍 적극 추천해요 👍","대박, 맛있, 예쁘, 착한, 최고, 추천",,6,0,5,[부침명장] 명품 모둠전666g (고기완자+꼬치산적+동태전+깻잎전)
127979873,긍정,1,이**,2025-10-25,꼬치만 만족해요 ㅋㅋ,만족,,1,0,0,[부침명장] 명품 모둠전666g (고기완자+꼬치산적+동태전+깻잎전)
127977040,긍정,1,전**,2025-10-25,방송세일해서 싸게 잘 사서 엄마 편하게 추석음식 하시라고 드렸어요.,편하,,1,0,0,[부침명장] 명품 모둠전666g (고기완자+꼬치산적+동태전+깻잎전)
127975521,긍정,10,정**,2025-10-25,"명절이나 손님 초대상에 좋네요~🥰
고기완자, 꼬치산적, 동태전, 깻잎전까지
다양하게 맛있는 전들로만 구성되어 있어
한 상이 푸짐하게 차려지더라고요.

해동 후 살짝만 데워도 기름기 적고
바삭하면서도 속은 촉촉해요.
특히 고기완자는 부드럽고 고소하며,
깻잎전은 향긋해서 입맛을 돋워줬어요.
꼬치산적은 모양도 예쁘고 간도 잘 맞았는데..
아쉽게도 햄이 좀 제 취향은 아니더라구요 ㅠㅠ
동태전 맛은 정말 담백하면서도 부드럽고
고소하고 깔끔한 맛이었어요.
살살 녹는 식감이 좋고, 느끼하지 않으면서도
입안에 은은한 감칠맛이 남더라고요.😍😍

냉동전 특유의 느끼함이나 인공적인 맛이 전혀 없고,
마치 직접 부친 듯한 ‘집밥의 정성’이 느껴졌어요.
포장도 깔끔하고 조리도 간편해서
명절 준비가 훨씬 수월했어요.
맛, 구성, 편리함 삼박자를
다 갖춘 제품이라 따봉입니다용👍👍","간편, 감칠맛, 고소, 깔끔, 담백, 맛있, 바삭, 예쁘, 좋네, 촉촉, 편해, 푸짐","느끼, 아쉽",12,2,6,[부침명장] 명품 모둠전666g (고기완자+꼬치산적+동태전+깻잎전)
127975106,긍정,1,조**,2025-10-25,구성이 다양하고 생각보다 양도 많고 맛있어요,맛있,,1,0,0,[부침명장] 명품 모둠전666g (고기완자+꼬치산적+동태전+깻잎전)
127971389,긍정,3,김**,2025-10-25,간편하고 좋아요~ 이번 명절엔 부침명장으로 간단히 준비햇네요~~ 매년 명절에 꼭 출시해주세요~~!,"간편, 좋아, 편하",,3,0,0,[부침명장] 명품 모둠전666g (고기완자+꼬치산적+동태전+깻잎전)
127969073,중립,0,박**,2025-10-25,저렴하게 구매했어요!,,,0,0,0,[부침명장] 명품 모둠전666g (고기완자+꼬치산적+동태전+깻잎전)
127968509,중립,0,장**,2025-10-25,명절 맞이로 샀었어요,,,0,0,0,[부침명장] 명품 모둠전666g (고기완자+꼬치산적+동태전+깻잎전)
127965514,긍정,1,송**,2025-10-25,요즘 요기전 자주먹어요 맛있어요,맛있,,1,0,0,[부침명장] 명품 모둠전666g (고기완자+꼬치산적+동태전+깻잎전)
127950307,중립,0,최**,2025-10-24,추석때 행사할때 샀는데 아직도 먹고 있어요. 종류가 다양해서 질리지 않고 조금씩 먹고 있어요.,,,0,0,0,[부침명장] 명품 모둠전666g (고기완자+꼬치산적+동태전+깻잎전)
127932384,긍정,2,윤**,2025-10-23,맛있고 양도 좋고 골고루 들어있어 좋았어요,"맛있, 좋았",,2,0,0,[부침명장] 명품 모둠전666g (고기완자+꼬치산적+동태전+깻잎전)
127914228,긍정,2,이**,2025-10-23,"여러가지 전이 들어 있어서 골라먹기 좋아요.
맛있어요","맛있, 좋아",,2,0,0,[부침명장] 명품 모둠전666g (고기완자+꼬치산적+동태전+깻잎전)
127912619,긍정,1,정**,2025-10-23,명절에 골고루 맛볼수있는 구성 너무 좋네요,좋네,,1,0,0,[부침명장] 명품 모둠전666g (고기완자+꼬치산적+동태전+깻잎전)
127910789,긍정,1,한**,2025-10-22,와 너무 맛있었어요!!기름쩐내도 없고 짜지도않고 너무 맛있어요,맛있,,1,0,0,[부침명장] 명품 모둠전666g (고기완자+꼬치산적+동태전+깻잎전)
127905634,긍정,1,최**,2025-10-22,여기 전이 왠만해선 맛이 괜잔네요 동그랑땡 먼저 먹어봤는데 좋았어요,좋았,,1,0,0,[부침명장] 명품 모둠전666g (고기완자+꼬치산적+동태전+깻잎전)
127904593,긍정,3,이**,2025-10-22,간편하게 먹을 수 있어서 좋아요,"간편, 좋아, 편하",,3,0,0,[부침명장] 명품 모둠전666g (고기완자+꼬치산적+동태전+깻잎전)
127903331,긍정,2,김**,2025-10-22,"여러번 재구매했어요
명절에 이만한 효자템이 없는거같아요~
맛도 좋고 명절차례상이나 작은상차림에도 너무 편해요~","재구매, 편해",,2,0,0,[부침명장] 명품 모둠전666g (고기완자+꼬치산적+동태전+깻잎전)
127888326,긍정,3,강**,2025-10-22,명품 모듬전 맞네요. 데워서 큰접시에 담으니 먹음직스럽고 다양해서 보기 좋아요. 맛도 집에서 갓만든마냥 재료도 신선히고 양도 푸짐합니다.,"신선, 좋아, 푸짐",,3,0,0,[부침명장] 명품 모둠전666g (고기완자+꼬치산적+동태전+깻잎전)
127885174,긍정,2,나*,2025-10-22,냉동실에 든든하게 두고 맛있게 먹고 있어요,"든든, 맛있",,2,0,0,[부침명장] 명품 모둠전666g (고기완자+꼬치산적+동태전+깻잎전)
127882562,긍정,1,최**,2025-10-21,여러 종류의 전을 맛볼 수 있어서 좋았어요.,좋았,,1,0,0,[부침명장] 명품 모둠전666g (고기완자+꼬치산적+동태전+깻잎전)
127876386,중립,0,허**,2025-10-21,"덕분에 추석 느낌 잘 내고 넘어가요 
구세주",,,0,0,0,[부침명장] 명품 모둠전666g (고기완자+꼬치산적+동태전+깻잎전)
127872635,긍정,2,이**,2025-10-21,간편하게 데우거나 프라이팬에 기름없이 데워서 먹을 수 있어요.,"간편, 편하",,2,0,0,[부침명장] 명품 모둠전666g (고기완자+꼬치산적+동태전+깻잎전)
127866520,긍정,1,최**,2025-10-21,평이 괜찮아서 사봤어요,괜찮,,1,0,0,[부침명장] 명품 모둠전666g (고기완자+꼬치산적+동태전+깻잎전)
127858646,중립,0,권**,2025-10-21,명절 기분 내려고 사봄. 맛은 무난해요.,,,0,0,0,[부침명장] 명품 모둠전666g (고기완자+꼬치산적+동태전+깻잎전)
127855414,긍정,1,전**,2025-10-20,기름을 둘러야 맛나요. 잘 먹었어요,맛나,,1,0,0,[부침명장] 명품 모둠전666g (고기완자+꼬치산적+동태전+깻잎전)
127838303,긍정,1,김**,2025-10-20,명품 모듬전 처음으로 구매했는데 구성이 좋고 맛있어요.,맛있,,1,0,0,[부침명장] 명품 모둠전666g (고기완자+꼬치산적+동태전+깻잎전)
127836523,긍정,1,이**,2025-10-20,"다양한 종류가 들어 있어 접시에 담으니 근사하네요
아주 잘 활용했습니다
성묘, 상차림 등
맛도 좋았고요 다시 구매할
생각입니다",좋았,,1,0,0,[부침명장] 명품 모둠전666g (고기완자+꼬치산적+동태전+깻잎전)
127831066,긍정,1,김**,2025-10-20,구성도 좋고 명절에 편하게 잘 먹었어요,편하,,1,0,0,[부침명장] 명품 모둠전666g (고기완자+꼬치산적+동태전+깻잎전)
127830379,긍정,2,신**,2025-10-20,추석전  시부모님 묘소. 제사 음식에 정말 신의한수의 전이었습니다. 편하고 맛있는 모듬전.한접시에 딱입니다,"맛있, 편하",,2,0,0,[부침명장] 명품 모둠전666g (고기완자+꼬치산적+동태전+깻잎전)
127826349,부정,-1,최**,2025-10-19,기름기가 너무 많아서 느끼하네요,,느끼,0,1,0,[부침명장] 명품 모둠전666g (고기완자+꼬치산적+동태전+깻잎전)
127822619,중립,0,권**,2025-10-19,"가아아끔 사먹어요
코코에서 맛보고 셀하길래 구매",,,0,0,0,[부침명장] 명품 모둠전666g (고기완자+꼬치산적+동태전+깻잎전)
127812109,긍정,1,정**,2025-10-19,여러종류 전이 함께있어 좋아요,좋아,,1,0,0,[부침명장] 명품 모둠전666g (고기완자+꼬치산적+동태전+깻잎전)
127807410,긍정,2,강**,2025-10-19,간편하게 전 부치기에 좋습니다,"간편, 편하",,2,0,0,[부침명장] 명품 모둠전666g (고기완자+꼬치산적+동태전+깻잎전)
127802025,중립,0,박**,2025-10-19,골고루 들어있고 맛도 준수,,,0,0,0,[부침명장] 명품 모둠전666g (고기완자+꼬치산적+동태전+깻잎전)
127801500,긍정,1,유**,2025-10-19,푸짐한 모듬전이 맛도 좋지만 모양도 예뻐요,푸짐,,1,0,0,[부침명장] 명품 모둠전666g (고기완자+꼬치산적+동태전+깻잎전)
127788762,긍정,1,이**,2025-10-18,진짜 냉동치고 퀄리티 좋아요,좋아,,1,0,0,[부침명장] 명품 모둠전666g (고기완자+꼬치산적+동태전+깻잎전)
127786784,중립,0,정**,2025-10-18,에어프라이에 돌려 먹었어요,,,0,0,0,[부침명장] 명품 모둠전666g (고기완자+꼬치산적+동태전+깻잎전)
127784942,중립,0,함**,2025-10-18,동태전 가시처리가 전혀안됨,,,0,0,0,[부침명장] 명품 모둠전666g (고기완자+꼬치산적+동태전+깻잎전)
127784666,긍정,1,함**,2025-10-18,"할인할때 구매해서 추석에 잘먹었어요
전이 간도 잘맞고 맛있는데
동태전가시제거가 안되있어서
완전별로였어요.
제가 2세트 구매했는데 한세트에는
가시있는게 하나?정도였는데
다른한봉지는 하나빼고 전부 가시가 있더라고요
잔가시도 아니고 큼직한게
가시처리 안하는건가 싶어서 재구매는 그닥","맛있, 재구매",별로,2,1,0,[부침명장] 명품 모둠전666g (고기완자+꼬치산적+동태전+깻잎전)
127777860,중립,0,송**,2025-10-18,냉동이라 맛에 한계는 분명있지만 그래도 편한맛에 한번쯤은 먹을만해요.,,,0,0,0,[부침명장] 명품 모둠전666g (고기완자+꼬치산적+동태전+깻잎전)
127775948,중립,0,권**,2025-10-18,"골고루 구성되어 있어서 좋습니다
전찌개 끓일 용도로 구매했는데
적당했어요",,,0,0,1,[부침명장] 명품 모둠전666g (고기완자+꼬치산적+동태전+깻잎전)
127775509,긍정,4,김**,2025-10-18,"라이브 방송때 가성비있게 구매해서 아주 유용했어요
가짓수도 좋고 간편하게 아주 좋아요","간편, 유용, 좋아, 편하",,4,0,0,[부침명장] 명품 모둠전666g (고기완자+꼬치산적+동태전+깻잎전)
127770590,긍정,3,황**,2025-10-17,"행사보고 샀는데 하나산거 후회했어요
후기처럼 동태에 가시가 한두개나오지만 성인은 괜찮을것같고 간편하고 맛있네요","간편, 괜찮, 맛있, 편하",후회,4,1,0,[부침명장] 명품 모둠전666g (고기완자+꼬치산적+동태전+깻잎전)
127768935,긍정,2,손**,2025-10-17,다양해서 좋네요. 상품과 배송 모두 아주 만족합니다.,"만족, 좋네",,2,0,0,[부침명장] 명품 모둠전666g (고기완자+꼬치산적+동태전+깻잎전)
127762949,긍정,2,조**,2025-10-17,구성 좋고 맛도 좋아요. 데우기만 하면 모둠전 완성. 편하게 먹을 수 있어서 너무 좋습니다.,"좋아, 편하",,2,0,1,[부침명장] 명품 모둠전666g (고기완자+꼬치산적+동태전+깻잎전)
127751848,중립,0,최**,2025-10-17,맛있는 것도 있고 별로인 것도 있네요,맛있,별로,1,1,0,[부침명장] 명품 모둠전666g (고기완자+꼬치산적+동태전+깻잎전)
127751822,긍정,1,최**,2025-10-17,동태전이랑 산적은 맛있고 완자랑 깻잎전은 그냥 그래요,맛있,,1,0,0,[부침명장] 명품 모둠전666g (고기완자+꼬치산적+동태전+깻잎전)
127750541,부정,-1,이**,2025-10-17,쿠팡이랑 가격 차이가ㅠㅠ 넘 비싸요ㅠㅠ,,비싸,0,1,0,[부침명장] 명품 모둠전666g (고기완자+꼬치산적+동태전+깻잎전)
127750375,긍정,1,강**,2025-10-17,"맛나요 맛나게 먹었어요
꼬지전만 빼면 좋을듯하지만 비주얼용인가요",맛나,,1,0,0,[부침명장] 명품 모둠전666g (고기완자+꼬치산적+동태전+깻잎전)
127740120,긍정,2,이**,2025-10-16,"명절에 편하게 전 먹으니 좋아요 
양도 적당합니다","좋아, 편하",,2,0,0,[부침명장] 명품 모둠전666g (고기완자+꼬치산적+동태전+깻잎전)
127731329,중립,0,이**,2025-10-16,양이 아주 많네요. 세개로 소분해서 먹었어요,,,0,0,0,[부침명장] 명품 모둠전666g (고기완자+꼬치산적+동태전+깻잎전)
127729790,긍정,2,곽***,2025-10-16,한번먹기좋아요. 김치전이 더맛나,"맛나, 좋아",,2,0,0,[부침명장] 명품 모둠전666g (고기완자+꼬치산적+동태전+깻잎전)
127723469,중립,0,박**,2025-10-16,"여러가지전이
함께 들어잇어서 잘 먹엇어요",,,0,0,0,[부침명장] 명품 모둠전666g (고기완자+꼬치산적+동태전+깻잎전)
127720894,부정,-1,김**,2025-10-16,라이브특가로 11100원에 구입했고요 냉동전에 실망을 많이 했었기에 큰 기대를 안했는데 나쁘지 않았어요 생각보다 잘 먹었어요,,실망,0,1,0,[부침명장] 명품 모둠전666g (고기완자+꼬치산적+동태전+깻잎전)
127714784,긍정,1,김*,2025-10-15,"모둠전 너무 맛있고 좋은데요
처음 사봤는데 나중에 또 사야겠어요",맛있,,1,0,0,[부침명장] 명품 모둠전666g (고기완자+꼬치산적+동태전+깻잎전)
127714709,중립,0,정**,2025-10-15,다양한 맛이 있어서 수고로움이 덜었네요,,,0,0,0,[부침명장] 명품 모둠전666g (고기완자+꼬치산적+동태전+깻잎전)
127713973,긍정,1,신**,2025-10-15,모듬전 하나 있으면 식탁이 너무 맛있고 근사해집니다,맛있,,1,0,0,[부침명장] 명품 모둠전666g (고기완자+꼬치산적+동태전+깻잎전)
127706558,중립,0,김**,2025-10-15,명절앞두고 먹으려고 삿어요,,,0,0,0,[부침명장] 명품 모둠전666g (고기완자+꼬치산적+동태전+깻잎전)
127706107,중립,0,김**,2025-10-15,명절전 따로 하지않고 이거 하나면 다 해결되네요,,,0,0,0,[부침명장] 명품 모둠전666g (고기완자+꼬치산적+동태전+깻잎전)
127702999,중립,0,궁**,2025-10-15,종류 별로 먹을 수 있어서 좋네요,좋네,별로,1,1,0,[부침명장] 명품 모둠전666g (고기완자+꼬치산적+동태전+깻잎전)
127680094,긍정,1,김**,2025-10-14,"항상 명절에 시장에서 전 종류를 사다가 먹다가 마켓컬리 라이브 방송 보고 혹시나 하는 마음에 주문했는데 너무너무 잘한 선택이에요
같이 점이 너무 너무 맛있고 색감도 너무 예뻐서 가족들 한테도 칭찬 받았습니다",맛있,,1,0,0,[부침명장] 명품 모둠전666g (고기완자+꼬치산적+동태전+깻잎전)
127677141,긍정,3,최**,2025-10-14,전 먹고싶을때 편하고 좋네요 맛있어요,"맛있, 좋네, 편하",,3,0,0,[부침명장] 명품 모둠전666g (고기완자+꼬치산적+동태전+깻잎전)
127654289,중립,0,이*,2025-10-13,"행사할때 구매했어요.
냄새안나고 맛있었어요.",맛있,냄새,1,1,0,[부침명장] 명품 모둠전666g (고기완자+꼬치산적+동태전+깻잎전)
127651665,긍정,1,최**,2025-10-13,산소에 가져가기  딱 좋아요,좋아,,1,0,0,[부침명장] 명품 모둠전666g (고기완자+꼬치산적+동태전+깻잎전)
127649234,중립,0,최**,2025-10-13,"명절용으로 딱 좋은 구성입니다. 이번에 추석이라 구입했는데, 다음 설날에도 이걸로 음식 하면 될 거 같아요~",,,0,0,0,[부침명장] 명품 모둠전666g (고기완자+꼬치산적+동태전+깻잎전)
127648925,긍정,2,이**,2025-10-13,차례상에 놓으려고 처음 주문했는데 깔끔하고 괜찮아요.,"괜찮, 깔끔",,2,0,0,[부침명장] 명품 모둠전666g (고기완자+꼬치산적+동태전+깻잎전)
127646489,긍정,2,이**,2025-10-13,골고루 다양한 전이 들어 있어서 차례 지낼 때 모듬전으로 좋아요. 모듬전 덕분에 이번 추석 편하게 보냈어요.,"좋아, 편하",,2,0,0,[부침명장] 명품 모둠전666g (고기완자+꼬치산적+동태전+깻잎전)
127639168,중립,0,한**,2025-10-13,잘먹겠습니다 감사합니다 ㅎㅎ,,,0,0,0,[부침명장] 명품 모둠전666g (고기완자+꼬치산적+동태전+깻잎전)
127627132,긍정,2,유**,2025-10-12,푸짐한 모듬전~~그중에 동태전이 제일 맛있어요,"맛있, 푸짐",,2,0,1,[부침명장] 명품 모둠전666g (고기완자+꼬치산적+동태전+깻잎전)
127626909,중립,0,김**,2025-10-12,제수용으로 구매 그냥 욕먹지 않을 정도,,,0,0,0,[부침명장] 명품 모둠전666g (고기완자+꼬치산적+동태전+깻잎전)
127623203,긍정,2,김**,2025-10-12,"재료손질 부치는 시간 아끼고 편하네요
꼬치산적은 별로라고 딸아이는 꼬치산적은 엄마가 해 줬으면 하네요.
저는 꼬치산적에 단무지 넣는거 싫어하는데 여기에는 우엉이 들어 있어서 저는 좋았어요
남이 해주는 건 다 맛있어요","맛있, 좋았, 편하",별로,3,1,0,[부침명장] 명품 모둠전666g (고기완자+꼬치산적+동태전+깻잎전)
127585060,긍정,1,장**,2025-10-11,부침명장 김치전이 맛있어서 믿고 모듬전도 사봤어요…동그랑댕만 산것같고 나머진 집에서 한듯하네요..,맛있,,1,0,0,[부침명장] 명품 모둠전666g (고기완자+꼬치산적+동태전+깻잎전)
127583784,부정,-1,최**,2025-10-11,"생각보다는 맛이 별로에요.
맛살이 아니라 분홍소세지고 그냥저냥 먹었어요.",,별로,0,1,0,[부침명장] 명품 모둠전666g (고기완자+꼬치산적+동태전+깻잎전)
127582434,긍정,1,권**,2025-10-11,라이브가로 맛있게  잘 먹었습니다,맛있,,1,0,0,[부침명장] 명품 모둠전666g (고기완자+꼬치산적+동태전+깻잎전)
127575140,긍정,1,임**,2025-10-10,"이번 추석에 엄마께 보내드렸어요
간편한 상차림.
동태전은 가시가 있어 아이들이 먹기엔 그래서 어른들만 먹었어요",간편,,1,0,0,[부침명장] 명품 모둠전666g (고기완자+꼬치산적+동태전+깻잎전)
127574677,긍정,1,희*,2025-10-10,전도 다양하게 들어있고 양도 많고 너무 맛있어요!! 행복한 명절 보냈슴다 ㅎㅎ,맛있,,1,0,0,[부침명장] 명품 모둠전666g (고기완자+꼬치산적+동태전+깻잎전)
127574250,긍정,1,신**,2025-10-10,세일할때 사서 더 좋네요!,좋네,,1,0,0,[부침명장] 명품 모둠전666g (고기완자+꼬치산적+동태전+깻잎전)
127569422,긍정,3,임*,2025-10-10,명절에 간편하게 잘 먹었습니다~ 소량이지만 종류가 다양해서 좋아요,"간편, 좋아, 편하",,3,0,0,[부침명장] 명품 모둠전666g (고기완자+꼬치산적+동태전+깻잎전)
127558811,긍정,1,차**,2025-10-10,한봉지에 인기 있는거만들어 있으니 좋네요,좋네,,1,0,0,[부침명장] 명품 모둠전666g (고기완자+꼬치산적+동태전+깻잎전)
127558352,중립,0,김**,2025-10-10,추석맞이 세일해서 주문했어요,,,0,0,0,[부침명장] 명품 모둠전666g (고기완자+꼬치산적+동태전+깻잎전)
127555744,긍정,1,장**,2025-10-09,다양한 전종류에 맛도 좋아요,좋아,,1,0,0,[부침명장] 명품 모둠전666g (고기완자+꼬치산적+동태전+깻잎전)
127546857,중립,0,조**,2025-10-09,"이번 추석때 먹었어요
명절 분위기 내고 싶어서요
생각보다 양도 많고 개별포장이 마음에 들었어요",,,0,0,0,[부침명장] 명품 모둠전666g (고기완자+꼬치산적+동태전+깻잎전)
127546053,긍정,1,정**,2025-10-09,네가지 전으로 맛있어요,맛있,,1,0,0,[부침명장] 명품 모둠전666g (고기완자+꼬치산적+동태전+깻잎전)
127539847,중립,0,박**,2025-10-09,추석때 잘 사용해요,,,0,0,0,[부침명장] 명품 모둠전666g (고기완자+꼬치산적+동태전+깻잎전)
127533063,긍정,2,배**,2025-10-08,간편하게 잘 해먹었습니다,"간편, 편하",,2,0,0,[부침명장] 명품 모둠전666g (고기완자+꼬치산적+동태전+깻잎전)
127531419,중립,0,조**,2025-10-08,라이브방송해서 저렴하게 구매했어요,,,0,0,0,[부침명장] 명품 모둠전666g (고기완자+꼬치산적+동태전+깻잎전)
127530157,긍정,1,김**,2025-10-08,"다양한 종류별로 아주 맛나요 ~
이번 추석에 아주아주 맛나게 잘 먹었습니다 ~",맛나,,1,0,0,[부침명장] 명품 모둠전666g (고기완자+꼬치산적+동태전+깻잎전)
127511070,긍정,2,김**,2025-10-07,"여러가지 전이 들어있어 명절에 쓰기 편해요.
꼬지전이 맛있는데 단무지가 안들어있어서 아쉬웠어요.","맛있, 편해",,2,0,0,[부침명장] 명품 모둠전666g (고기완자+꼬치산적+동태전+깻잎전)
127510793,중립,0,김**,2025-10-07,명절이라고 전 먹어봤어요 맛은 그냥 그랬어요,,,0,0,0,[부침명장] 명품 모둠전666g (고기완자+꼬치산적+동태전+깻잎전)
127507787,부정,-1,정**,2025-10-07,"모듬전  종류가 여러가지라 뚝딱 골고루 차릴수 있어 편리합니다 나쁘진 않은데 또 살지는..
동태전에 가시가 너무 많았어요 맛살도 별로고",,별로,0,1,0,[부침명장] 명품 모둠전666g (고기완자+꼬치산적+동태전+깻잎전)
127507617,긍정,1,김**,2025-10-07,전 모양도 이쁘고. 고기도 부드럽고 맛있어요.,맛있,,1,0,0,[부침명장] 명품 모둠전666g (고기완자+꼬치산적+동태전+깻잎전)
127503577,긍정,1,민**,2025-10-07,정말 별 기대 안하고 샀는데 이 모듬전은 다음 제사에도 반드시 구매 할 것 같아요. 모양도 깔끔하고맛도 깔끔해요,깔끔,,1,0,1,[부침명장] 명품 모둠전666g (고기완자+꼬치산적+동태전+깻잎전)
127503294,중립,0,노**,2025-10-07,"코스트코가서 사오곤했는데
컬리에서 더 저렴하게 잘샀어요",,,0,0,0,[부침명장] 명품 모둠전666g (고기완자+꼬치산적+동태전+깻잎전)
127501552,중립,0,김**,2025-10-07,"재료 준비하기 싫어서 구매해봤는데..
꼬치산적 좋아하는데 꼬치산적이 젤 맛 없네요ㅠ
나머지는 그냥그냥 저는 동태전이 젤 먹을만 했어요",좋아,맛 없,1,1,0,[부침명장] 명품 모둠전666g (고기완자+꼬치산적+동태전+깻잎전)
