시장,종목코드,종목명,현재가,전일대비,등락률,거래량,시가총액(억원)
KOSPI,005930,삼성전자,"252,500","4,000",1.61,"11,260,322","14,761,853"
KOSPI,000660,SK하이닉스,"1,749,000","59,000",3.49,"2,736,676","12,776,311"
KOSPI,005935,삼성전자우,"193,700","6,600",3.53,"3,510,884","1,554,193"
KOSPI,402340,SK스퀘어,"1,014,000","14,000",1.40,"331,384","1,337,709"
KOSPI,009150,삼성전기,"1,368,000","51,000",3.87,"421,846","1,021,810"
KOSPI,373220,LG에너지솔루션,"366,500","1,000",0.27,"297,818","857,610"
KOSPI,005380,현대차,"362,000","-5,000",-1.36,"475,295","741,223"
KOSPI,207940,삼성바이오로직스,"1,402,000","-10,000",-0.71,"33,244","648,999"
KOSPI,105560,KB금융,"176,400",600,0.34,"989,845","625,669"
KOSPI,028260,삼성물산,"351,500","4,500",1.30,"233,227","570,019"
KOSPI,032830,삼성생명,"283,500","-2,000",-0.70,"257,158","567,000"
KOSPI,012450,한화에어로스페이스,"1,054,000","-9,000",-0.85,"96,768","543,478"
KOSPI,034020,두산에너빌리티,"84,100","-2,100",-2.44,"2,075,069","538,712"
KOSPI,055550,신한지주,"111,900",-300,-0.27,"779,912","525,315"
KOSPI,000270,기아,"120,800","-1,000",-0.82,"522,062","471,619"
KOSPI,329180,HD현대중공업,"442,500","-11,000",-2.43,"149,738","464,453"
KOSPI,006400,삼성SDI,"542,000","-5,000",-0.91,"299,327","436,774"
KOSPI,068270,셀트리온,"177,200",-300,-0.17,"255,362","412,198"
KOSPI,034730,SK,"550,000",0,0.00,"97,334","398,765"
KOSPI,086790,하나금융지주,"136,900",-700,-0.51,"568,976","370,958"
KOSPI,012330,현대모비스,"383,000","-11,500",-2.92,"294,391","344,013"
KOSPI,066570,LG전자,"199,600","-2,400",-1.19,"378,828","325,118"
KOSPI,035420,NAVER,"201,500","-4,500",-2.18,"516,617","306,470"
KOSPI,010120,LS ELECTRIC,"198,400","3,700",1.90,"395,570","297,600"
KOSPI,000810,삼성화재,"656,000","-5,000",-0.76,"61,680","292,887"
KOSPI,316140,우리금융지주,"36,150",-200,-0.55,"2,175,585","266,348"
KOSPI,298040,효성중공업,"2,781,000","92,000",3.42,"38,742","259,316"
KOSPI,005490,POSCO홀딩스,"326,000","-6,000",-1.81,"154,575","258,327"
KOSPI,267260,HD현대일렉트릭,"706,000","6,000",0.86,"96,146","254,493"
KOSPI,042660,한화오션,"81,700",-700,-0.85,"460,882","250,340"
KOSPI,069500,KODEX 200,"106,365","2,090",2.00,"21,334,746","247,565"
KOSPI,010130,고려아연,"1,135,000","-3,000",-0.26,"10,977","236,908"
KOSPI,009540,HD한국조선해양,"332,500","-6,500",-1.92,"162,851","235,321"
KOSPI,096770,SK이노베이션,"136,700","-5,000",-3.53,"502,221","231,095"
KOSPI,000150,두산,"1,383,000","94,000",7.29,"84,393","223,961"
KOSPI,042700,한미반도체,"224,500","2,000",0.90,"482,542","213,976"
KOSPI,138040,메리츠금융지주,"125,200","-1,300",-1.03,"188,557","209,519"
KOSPI,360750,TIGER 미국S&P500,"25,800",175,0.68,"39,362,953","204,852"
KOSPI,015760,한국전력,"30,950",-400,-1.28,"1,060,552","198,688"
KOSPI,011200,HMM,"20,400",-250,-1.21,"736,566","192,421"
KOSPI,051910,LG화학,"270,000","-1,500",-0.55,"170,062","190,599"
KOSPI,017670,SK텔레콤,"88,000",0,0.00,"580,262","189,015"
KOSPI,010140,삼성중공업,"20,250",-450,-2.17,"2,264,112","178,200"
KOSPI,033780,KT&G,"171,400",600,0.35,"130,024","177,931"
KOSPI,006800,미래에셋증권,"31,850",-200,-0.62,"687,882","172,952"
KOSPI,267250,HD현대,"217,500","-7,500",-3.33,"142,566","171,810"
KOSPI,003550,LG,"112,700","-1,600",-1.40,"320,968","170,393"
KOSPI,018260,삼성에스디에스,"217,000","-3,500",-1.59,"108,596","167,910"
KOSPI,003670,포스코퓨처엠,"188,400",-900,-0.48,"289,219","167,575"
KOSPI,010950,S-Oil,"143,700","-5,000",-3.36,"263,521","161,781"
KOSPI,024110,기업은행,"20,250",-100,-0.49,"791,132","161,479"
KOSPI,086280,현대글로비스,"200,000","-4,500",-2.20,"178,100","150,000"
KOSPI,035720,카카오,"33,650",-850,-2.46,"1,549,922","149,069"
KOSPI,079550,LIG디펜스앤에어로스페이스,"667,000","-4,000",-0.60,"35,905","146,740"
KOSPI,000720,현대건설,"123,200","-4,900",-3.83,"446,450","137,190"
KOSPI,030200,KT,"53,000",0,0.00,"98,825","133,571"
KOSPI,278470,에이피알,"351,000","-10,500",-2.90,"261,361","131,408"
KOSPI,272210,한화시스템,"69,100",-600,-0.86,"243,440","130,543"
KOSPI,064350,현대로템,"119,400","-2,000",-1.65,"244,088","130,316"
KOSPI,047810,한국항공우주,"125,900","-3,100",-2.40,"216,509","122,721"
KOSPI,005830,DB손해보험,"186,200","-2,500",-1.32,"151,210","121,962"
KOSPI,011070,LG이노텍,"510,000","4,000",0.79,"84,725","120,702"
KOSPI,133690,TIGER 미국나스닥100,"175,970","1,040",0.59,"3,019,233","115,014"
KOSPI,003490,대한항공,"29,050",-300,-1.02,"1,284,318","106,968"
KOSPI,443060,HD현대마린솔루션,"235,500","3,500",1.51,"94,783","105,583"
KOSPI,071050,한국금융지주,"187,000","-4,200",-2.20,"160,948","104,208"
KOSPI,078930,GS,"111,400","-3,700",-3.21,"432,299","103,486"
KOSPI,379800,KODEX 미국S&P500,"23,455",160,0.69,"34,164,620","101,666"
KOSPI,323410,카카오뱅크,"20,900",-250,-1.18,"591,395","99,718"
KOSPI,307950,현대오토에버,"361,500","-8,500",-2.30,"30,618","99,138"
KOSPI,028050,삼성E&A,"50,400",-400,-0.79,"985,642","98,784"
KOSPI,102110,TIGER 200,"106,600","1,950",1.86,"11,055,463","98,445"
KOSPI,047050,포스코인터내셔널,"55,100",200,0.36,"694,696","96,933"
KOSPI,396500,TIGER 반도체TOP10,"35,900","1,270",3.67,"6,702,974","95,656"
KOSPI,003230,삼양식품,"1,261,000","-16,000",-1.25,"33,385","94,991"
KOSPI,006260,LS,"302,500","-1,000",-0.33,"79,680","94,380"
KOSPI,005940,NH투자증권,"25,500",-350,-1.35,"264,585","94,148"
KOSPI,259960,크래프톤,"204,000","-6,500",-3.09,"47,666","93,326"
KOSPI,379810,KODEX 미국나스닥100,"26,300",150,0.57,"18,423,495","91,182"
KOSPI,180640,한진칼,"136,200","-1,900",-1.38,"41,682","90,930"
KOSPI,488770,KODEX 머니마켓액티브,"105,530",5,0.00,"345,085","86,331"
KOSPI,090430,아모레퍼시픽,"144,700",700,0.49,"138,452","84,639"
KOSPI,0126Z0,삼성에피스홀딩스,"328,500","-4,500",-1.35,"22,853","81,741"
KOSPI,007660,이수페타시스,"107,400","2,800",2.68,"197,346","78,842"
KOSPI,047040,대우건설,"18,640",-490,-2.56,"3,868,388","76,593"
KOSPI,016360,삼성증권,"85,700","-1,200",-1.38,"172,288","76,530"
KOSPI,021240,코웨이,"107,100","5,600",5.52,"234,845","75,792"
KOSPI,278530,KODEX 200TR,"38,510",690,1.82,"430,858","74,690"
KOSPI,000500,가온전선,"246,000","6,000",2.50,"230,984","73,253"
KOSPI,352820,하이브,"169,900","-3,200",-1.85,"115,277","73,239"
KOSPI,000880,한화,"137,000",-100,-0.07,"89,460","73,061"
KOSPI,161390,한국타이어앤테크놀로지,"57,800",-800,-1.37,"228,354","71,600"
KOSPI,039490,키움증권,"267,500","-1,000",-0.37,"37,924","70,161"
KOSPI,459580,KODEX CD금리액티브(합성),"1,074,855",95,0.01,"762,324","68,358"
KOSPI,064400,LG씨엔에스,"70,100",-900,-1.27,"343,857","67,917"
KOSPI,009830,한화솔루션,"28,550",0,0.00,"853,755","64,207"
KOSPI,128940,한미약품,"499,000","2,500",0.50,"150,579","63,927"
KOSPI,267270,HD건설기계,"133,500","-1,000",-0.74,"146,376","63,409"
KOSPI,032640,LG유플러스,"14,680",-170,-1.14,"775,736","62,306"
KOSPI,326030,SK바이오팜,"78,700",600,0.77,"77,054","61,633"
KOSDAQ,196170,알테오젠,"256,000","-4,000",-1.54,"311,230","178,317"
KOSDAQ,086520,에코프로,"82,200","-2,200",-2.61,"389,297","111,608"
KOSDAQ,247540,에코프로비엠,"104,200","-2,800",-2.62,"252,048","101,939"
KOSDAQ,036930,주성엔지니어링,"200,000","7,200",3.73,"1,064,567","92,962"
KOSDAQ,277810,레인보우로보틱스,"424,500","-9,000",-2.08,"51,244","82,352"
KOSDAQ,240810,원익IPS,"117,500","9,100",8.39,"1,025,476","57,674"
KOSDAQ,039030,이오테크닉스,"464,500","18,000",4.03,"84,417","57,224"
KOSDAQ,058470,리노공업,"65,800","1,500",2.33,"395,003","50,147"
KOSDAQ,222800,심텍,"129,300","3,800",3.03,"389,218","49,101"
KOSDAQ,108490,로보티즈,"308,000","-16,500",-5.08,"305,497","45,174"
KOSDAQ,403870,HPSP,"53,100","1,200",2.31,"1,025,160","43,701"
KOSDAQ,028300,HLB,"31,750",-700,-2.16,"345,556","42,290"
KOSDAQ,095340,ISC,"189,300","7,700",4.24,"109,946","40,126"
KOSDAQ,319660,피에스케이,"127,900","9,600",8.11,"271,052","37,048"
KOSDAQ,000250,삼천당제약,"155,800","-1,700",-1.08,"37,482","36,547"
KOSDAQ,031980,피에스케이홀딩스,"166,800",-100,-0.06,"156,745","35,966"
KOSDAQ,214450,파마리서치,"328,500","-8,500",-2.52,"109,051","34,130"
KOSDAQ,087010,펩트론,"146,200","-4,600",-3.05,"100,124","34,090"
KOSDAQ,298380,에이비엘바이오,"57,500","-1,800",-3.04,"805,187","32,193"
KOSDAQ,084370,유진테크,"138,300","9,400",7.29,"133,191","31,693"
KOSDAQ,141080,리가켐바이오,"82,200","-1,500",-1.79,"238,555","30,430"
KOSDAQ,064760,티씨케이,"268,000","8,500",3.28,"54,199","29,961"
KOSDAQ,440110,파두,"59,300","-2,200",-3.58,"352,800","29,716"
KOSDAQ,145020,휴젤,"229,500","-6,000",-2.55,"27,716","28,722"
KOSDAQ,257720,실리콘투,"42,800",-850,-1.95,"593,165","28,067"
KOSDAQ,131290,티에스이,"243,000","1,500",0.62,"80,735","26,879"
KOSDAQ,095610,테스,"135,700","6,000",4.63,"167,383","26,272"
KOSDAQ,310210,보로노이,"140,600",-900,-0.64,"86,914","26,044"
KOSDAQ,357780,솔브레인,"331,000","6,000",1.85,"14,013","25,747"
KOSDAQ,010170,대한광통신,"16,120","1,980",14.00,"42,909,123","25,064"
KOSDAQ,226950,올릭스,"110,000","1,700",1.57,"253,603","25,026"
KOSDAQ,080220,제주반도체,"71,100","2,300",3.34,"519,211","24,489"
KOSDAQ,319400,현대무벡스,"21,300",-150,-0.70,"320,882","23,723"
KOSDAQ,067310,하나마이크론,"34,650","1,100",3.28,"601,894","23,039"
KOSDAQ,178320,서진시스템,"35,650",50,0.14,"662,353","22,717"
KOSDAQ,032820,우리기술,"12,920",-290,-2.20,"2,926,408","22,324"
KOSDAQ,140410,메지온,"72,100","-1,000",-1.37,"57,048","22,078"
KOSDAQ,214370,케어젠,"41,100",-250,-0.60,"43,678","22,077"
KOSDAQ,058610,에스피지,"98,100","-4,700",-4.57,"342,085","21,756"
KOSDAQ,263750,펄어비스,"34,600","-1,100",-3.08,"194,443","21,744"
KOSDAQ,347850,디앤디파마텍,"46,000",-650,-1.39,"332,117","21,085"
KOSDAQ,214150,클래시스,"31,900",300,0.95,"126,988","20,810"
KOSDAQ,005290,동진쎄미켐,"40,500",800,2.02,"134,791","20,643"
KOSDAQ,041510,에스엠,"87,000",-500,-0.57,"110,988","19,918"
KOSDAQ,083650,비에이치아이,"63,600","-1,600",-2.45,"317,252","19,681"
KOSDAQ,030530,원익홀딩스,"25,150",100,0.40,"2,564,718","19,425"
KOSDAQ,237690,에스티팜,"89,900",400,0.45,"56,713","18,768"
KOSDAQ,098460,고영,"27,100",-400,-1.45,"419,188","18,483"
KOSDAQ,140860,파크시스템스,"252,000","-2,500",-0.98,"9,157","17,646"
KOSDAQ,068760,셀트리온제약,"38,850",-400,-1.02,"40,482","17,250"
KOSDAQ,089030,테크윙,"45,400","1,300",2.95,"387,914","16,822"
KOSDAQ,060370,LS마린솔루션,"32,000",-450,-1.39,"123,690","16,716"
KOSDAQ,007390,네이처셀,"24,950",100,0.40,"104,958","16,077"
KOSDAQ,437730,삼현,"49,300","-3,400",-6.45,"628,663","15,632"
KOSDAQ,131970,두산테스나,"78,100","3,700",4.97,"311,827","15,095"
KOSDAQ,096530,씨젠,"32,250",0,0.00,"120,532","15,072"
KOSDAQ,0009K0,에임드바이오,"22,500",-100,-0.44,"52,826","14,623"
KOSDAQ,036540,SFA반도체,"8,880",280,3.26,"8,128,973","14,604"
KOSDAQ,241710,코스메카코리아,"135,700","9,100",7.19,"143,048","14,493"
KOSDAQ,183300,코미코,"27,750","1,800",6.94,"330,976","14,253"
KOSDAQ,218410,RFHIC,"52,400","3,050",6.18,"1,005,055","13,926"
KOSDAQ,035900,JYP Ent.,"38,800",-350,-0.89,"103,640","13,787"
KOSDAQ,323280,태성,"44,650",250,0.56,"139,327","13,635"
KOSDAQ,043260,성호전자,"18,540","1,730",10.29,"4,928,924","13,615"
KOSDAQ,078600,대주전자재료,"86,700",100,0.12,"93,469","13,615"
KOSDAQ,089970,브이엠,"51,600","2,700",5.52,"503,048","13,585"
KOSDAQ,950160,코오롱티슈진,"15,900",-190,-1.18,"403,513","13,510"
KOSDAQ,420770,기가비스,"104,200","5,500",5.57,"122,147","13,208"
KOSDAQ,039200,오스코텍,"34,350",-250,-0.72,"42,921","13,142"
KOSDAQ,082920,비츠로셀,"27,850","1,150",4.31,"208,977","12,571"
KOSDAQ,003380,하림지주,"11,210",-30,-0.27,"267,800","12,556"
KOSDAQ,204270,제이앤티씨,"21,550",250,1.17,"519,521","12,466"
KOSDAQ,290650,엘앤씨바이오,"45,550","-1,600",-3.39,"110,054","12,285"
KOSDAQ,127120,제이에스링크,"31,400","1,100",3.63,"167,543","11,638"
KOSDAQ,195940,HK이노엔,"39,000",-450,-1.14,"94,807","11,049"
KOSDAQ,475830,오름테라퓨틱,"50,600",100,0.20,"37,479","10,990"
KOSDAQ,347700,스피어,"20,300",300,1.50,"561,424","10,465"
KOSDAQ,166090,하나머티리얼즈,"52,700",200,0.38,"83,134","10,423"
KOSDAQ,293490,카카오게임즈,"9,560",-320,-3.24,"214,810","10,205"
KOSDAQ,056190,SFA,"28,100",-700,-2.43,"204,130","10,090"
KOSDAQ,252990,샘씨엔에스,"16,640",330,2.02,"679,982","10,020"
KOSDAQ,232140,와이씨,"11,870",190,1.63,"853,902","9,739"
KOSDAQ,086450,동국제약,"20,800",500,2.46,"345,833","9,408"
KOSDAQ,356860,티엘비,"37,950",700,1.88,"360,189","8,995"
KOSDAQ,458870,씨어스,"23,100",-400,-1.70,"43,713","8,858"
KOSDAQ,100790,미래에셋벤처투자,"16,360",340,2.12,"242,203","8,691"
KOSDAQ,101490,에스앤에스텍,"40,350",750,1.89,"85,152","8,609"
KOSDAQ,417200,LS머트리얼즈,"12,620",420,3.44,"4,178,205","8,538"
KOSDAQ,065350,신성델타테크,"31,000",-200,-0.64,"52,914","8,520"
KOSDAQ,083450,GST,"46,200",400,0.87,"71,151","8,515"
KOSDAQ,035760,CJ ENM,"38,800",800,2.11,"96,318","8,509"
KOSDAQ,014620,성광벤드,"31,900","-1,700",-5.06,"204,420","8,472"
KOSDAQ,036830,솔브레인홀딩스,"41,200",-450,-1.08,"16,507","8,448"
KOSDAQ,122870,와이지엔터테인먼트,"44,550",-50,-0.11,"124,443","8,327"
KOSDAQ,115180,큐리언트,"21,900",50,0.23,"38,566","8,220"
KOSDAQ,099320,쎄트렉아이,"74,300","2,100",2.91,"33,518","8,137"
KOSDAQ,445680,큐리옥스바이오시스템즈,"47,100","-2,000",-4.07,"105,934","8,107"
KOSDAQ,388720,유일로보틱스,"68,400","-1,100",-1.58,"14,971","8,058"
KOSDAQ,327260,RF머트리얼즈,"44,200","-1,050",-2.32,"749,257","7,951"
KOSDAQ,031330,에스에이엠티,"7,910",100,1.28,"159,781","7,910"
